,class_2,class_3,class_4
437,0.05646675626637908,0.773251710201634,0.17028153353198702
1091,0.48577551337679337,0.5120993646912083,0.0021251219319982128
327,0.020786793249607277,0.6735905876610732,0.30562261908931965
576,0.4881587530593366,0.09496390153521628,0.4168773454054471
1078,0.044742393398139006,0.44949733707445294,0.505760269527408
820,0.0024763615722267203,0.7896269785435901,0.20789665988418313
373,0.0558678137042361,0.9314568204584108,0.01267536583735302
610,0.048607938132004175,0.2803211874339258,0.6710708744340701
102,0.001344598568905104,0.9861607243548943,0.012494677076200646
779,0.17277390254857394,0.787492577386482,0.03973352006494393
266,0.0011325108551303224,0.013064642258747185,0.9858028468861226
691,0.01827502291892904,0.346770626342442,0.634954350738629
867,0.00045601419193567555,0.9982668171284683,0.0012771686795959997
711,0.1463484175576969,0.8027398756576222,0.05091170678468088
800,0.4893830462949349,0.16861283991802922,0.34200411378703577
38,0.000349373138430388,0.9810902750548249,0.018560351806744566
53,0.0009457764793383748,0.9147907351106748,0.08426348840998678
1104,0.7628100938725382,0.23713626437683283,5.364175062894744e-05
611,0.9379381728766657,0.0616056618524652,0.00045616527086904727
1112,0.013534383360898867,0.4289756227228782,0.557489993916223
608,0.9674328715372447,0.0323212136391445,0.000245914823610969
744,0.03129051645657995,0.04382008204305558,0.9248894015003645
1173,0.793700256119817,0.19820126211965625,0.008098481760526717
258,0.241469601683446,0.7579169054093059,0.0006134929072481844
686,0.033589302187588155,0.8656828037789518,0.10072789403346008
206,0.03103712929752111,0.9651970692689513,0.0037658014335275676
113,0.0033287736397703575,0.32006147483687125,0.6766097515233584
627,5.5690296628006944e-05,0.13928665110337235,0.8606576585999995
156,0.23978099811841327,0.6376257286126558,0.12259327326893107
964,0.008975461335818807,0.853528987848686,0.1374955508154952
1049,0.08691490867467722,0.9100897506267199,0.002995340698602758
845,0.0012357310538289906,0.9861018704527609,0.012662398493410224
294,0.01891702764168434,0.005270094055888275,0.9758128783024274
83,0.010451915915679367,0.16320184451337436,0.8263462395709463
1094,0.2757723808407929,0.6885002539250733,0.035727365234133834
855,0.004155659064466993,0.013233272468004514,0.9826110684675285
15,0.05066945547635658,0.9442547606341065,0.005075783889536731
1070,0.00023522351702000703,0.17829191475205405,0.8214728617309258
682,0.045097603611979696,0.9436718535227452,0.011230542865275115
508,0.2928894723319451,0.6652946494986411,0.04181587816941376
650,0.004475206411761081,0.9619535045501545,0.03357128903808449
657,0.9878011284899678,0.012112371414659363,8.650009537283845e-05
961,0.016844959038165415,0.07515186826180845,0.9080031727000262
276,0.3640446660095532,0.5455620958546742,0.09039323813577249
733,0.8765372750746838,0.12314804032065285,0.0003146846046632943
235,0.004123989908164229,0.9258087548346833,0.07006725525715256
332,0.0014206755325642184,0.42718783006338173,0.571391494404054
765,0.793487332627835,0.2063222846461337,0.00019038272603123603
1014,7.200567771499961e-05,0.09743093002744047,0.9024970642948447
740,0.862019814191848,0.11244576871825085,0.025534417089901104
810,0.5444732218507555,0.0739852693129641,0.3815415088362804
202,0.0688574387789878,0.9259806888990068,0.0051618723220055035
482,0.7773286120948184,0.027911323015914334,0.19476006488926717
225,0.028996225172304727,0.2278169455003454,0.7431868293273498
823,4.640854885782369e-05,0.018634514500496652,0.9813190769506455
978,0.7241955476347534,0.1674171344825244,0.10838731788272218
400,0.01737798360101286,0.00835333532353503,0.9742686810754522
828,0.07576220285563565,0.8350196761997455,0.08921812094461898
344,0.027351818096156468,0.9713639289710226,0.0012842529328208256
533,0.0569236873286262,0.9323209124220979,0.010755400249275933
561,0.6005496723107221,0.39452733811415264,0.004922989575125259
793,0.0014379697277608957,0.7191238119203852,0.279438218351854
218,0.0005608874799282598,0.6396467566112155,0.3597923559088562
852,0.01153582086177055,0.9749958463057707,0.013468332832458721
51,0.7628090364602129,0.2005512817880655,0.03663968175172158
787,0.0011257387966091585,0.9819788159932533,0.016895445210137326
592,0.008075066431211806,0.9589484751840439,0.03297645838474421
933,7.311508005158844e-06,0.14235535851754472,0.8576373299744501
383,0.16079893925229813,0.8349622865060738,0.0042387742416281115
134,0.11882803049515213,0.7760129451303991,0.10515902437444868
1017,0.11433026146252996,0.6229436008869986,0.2627261376504714
270,0.04716551897098074,0.5730263674175391,0.3798081136114801
311,0.010662973227978132,0.9585752034402428,0.03076182333177921
729,0.9887507331167955,0.011217025765709461,3.2241117495114825e-05
1031,0.6884795059479922,0.31034333861937935,0.0011771554326283477
701,0.9713099041557286,0.02422090269672984,0.00446919314754133
277,9.633869219555092e-05,0.040529456126570954,0.9593742051812334
94,0.6189355295014793,0.36627404379347844,0.014790426705042282
754,0.07534466795038805,0.8905448306909911,0.03411050135862081
382,0.8577633971714429,0.08445244873256395,0.05778415409599318
777,0.8033596821668122,0.09822706563343137,0.0984132521997566
1062,0.00010857190433179799,0.9708795435354871,0.0290118845601812
173,0.03155385586930799,0.9609698008000302,0.007476343330661506
829,0.05992145937734368,0.07667981227735086,0.8633987283453054
378,0.004434344035841282,0.9848796212203403,0.010686034743818575
360,0.8463592255482834,0.1424918736043313,0.011148900847385306
757,0.000934724045085148,0.9724989112476233,0.02656636470729139
808,0.03422445432841525,0.6235633798277392,0.3422121658438455
114,0.011952733812487888,0.9256083204338147,0.062438945753697433
605,0.7257408866852061,0.22527929852329237,0.04897981479150162
455,0.003219080364931181,0.14757441307902877,0.8492065065560401
1127,0.006784017525009746,0.9591823443209637,0.03403363815402648
678,0.0028997871995098887,0.9831204223301603,0.013979790470329791
1191,0.0002868809188282364,0.04732750081577323,0.9523856182653986
195,0.9816253702280917,0.01751145497860102,0.0008631747933073059
462,0.9908021129799236,0.009015139194176031,0.00018274782590039737
249,0.3935050527310405,0.5673168461435373,0.03917810112542221
350,0.06935440295786276,0.9299146711781037,0.000730925864033699
1000,0.3444746589039914,0.644306815714634,0.011218525381374592
154,0.038407447284088306,0.9599375599683608,0.001654992747550999
1162,0.499514853462958,0.4256253149120318,0.07485983162501017
457,0.9412310356871257,0.056451543067786235,0.002317421245087956
1076,0.8031828583316192,0.19543968517230617,0.001377456496074681
106,0.15798857070825792,0.8379951201911997,0.004016309100542223
6,0.0045673655433127,0.7476446959277353,0.24778793852895215
250,0.33022243582808525,0.6689883794464271,0.0007891847254876374
944,0.047110032992378606,0.8185116786270592,0.13437828838056215
530,4.736971113024675e-05,0.004606838935265909,0.9953457913536038
381,0.023693793137079193,0.8980091827329756,0.07829702412994514
613,0.19464560677253906,0.7824226301148469,0.022931763112613995
335,0.3275520984293772,0.6667401107949019,0.005707790775720862
514,0.9732256415856749,0.02643404014601254,0.00034031826831270554
658,0.23147789864920051,0.7456241391900523,0.02289796216074711
801,0.002203310315993332,0.19200163986568833,0.8057950498183183
582,0.008609104385510961,0.8073638532036641,0.18402704241082504
165,0.729717822141681,0.2675605692311373,0.0027216086271816447
1164,0.6273942580624301,0.3597781916622342,0.01282755027533562
204,0.907609402865847,0.09226199204515348,0.00012860508899958614
88,4.640978416953006e-05,0.9448094871669953,0.055144103048835255
697,0.8576792124966253,0.14168431772828402,0.0006364697750907188
1096,0.31731286828925565,0.4496461956537779,0.23304093605696635
1166,0.25992609280690343,0.7376944967862039,0.0023794104068927085
17,0.0032170192231699597,0.9952240304217119,0.0015589503551180594
1172,0.005791186882022875,0.992585395620612,0.001623417497365273
417,0.01102744594952722,0.6892813534818776,0.2996912005685952
679,0.8009616581021038,0.19150423724079163,0.007534104657104613
604,0.028477485686706112,0.529408030022841,0.44211448429045286
1152,0.9842386793905683,0.009971827238097064,0.005789493371334496
720,0.00022646456985964852,0.038922218885453774,0.9608513165446866
1084,0.006704677494160779,0.8695004971387856,0.12379482536705354
544,0.005160120013466543,0.9491371953084412,0.0457026846780923
1153,0.001125101161480158,0.9806686990936464,0.018206199744873353
181,0.004916116020761532,0.981171076516187,0.01391280746305141
925,0.42164020826728826,0.013055309425479528,0.5653044823072321
1111,0.07926690311052684,0.9078957728846643,0.012837324004808864
924,0.00019428855126958253,0.45511931404564,0.5446863974030904
351,0.19325055192403146,0.8030946006306263,0.003654847445342188
491,0.19674538794718474,0.6541021713245085,0.14915244072830675
1061,0.9916367418371433,0.00820666364306974,0.0001565945197868792
943,0.0004321420277665965,0.16409017155297143,0.835477686419262
687,0.16992669227812884,0.07002080544666224,0.7600525022752088
587,0.1846016202443037,0.7619889196782075,0.05340946007748881
393,0.0033009780549117535,0.8628903293972415,0.1338086925478466
746,0.0055691739166793056,0.7914269089142459,0.20300391716907465
629,0.004176133225829458,0.972698402194993,0.0231254645791774
1161,0.7171752779793782,0.2825738878150698,0.000250834205552095
1027,0.04704483806969478,0.943634625188992,0.009320536741313102
74,0.35911050099713004,0.6366123880621506,0.004277110940719219
441,0.0004197367024381573,0.7971472276176078,0.20243303567995402
1065,0.9449862721102784,0.012290816627278461,0.04272291126244321
901,0.03592109796854935,0.009734728447733187,0.9543441735837175
803,0.0001163695249398065,0.41508641981116623,0.5847972106638939
354,0.026180926734156534,0.9649180744117867,0.008900998854056846
141,0.10988488961468776,0.8812873036855915,0.008827806699720858
243,0.44637427992233764,0.39031617230481264,0.16330954777284964
887,0.8290025655440652,0.1626143460602697,0.008383088395665173
456,0.13995120353822574,0.8576664863137757,0.002382310147998703
158,0.11705026346237099,0.8566602357679981,0.026289500769631075
1012,0.6099018305006596,0.3832283870035167,0.006869782495823709
435,0.16588303155123377,0.8263967960853292,0.007720172363437053
518,0.06195171855647438,0.5135569558054641,0.42449132563806147
868,0.003864946551435197,0.9170401471015565,0.07909490634700833
84,0.3106559007168524,0.5955540793407053,0.09379001994244238
799,0.0002739554398353727,0.015003827573356802,0.9847222169868078
790,0.0012451946903054808,0.9945214242305286,0.004233381079166015
104,0.026676246564835273,0.9641777471618616,0.009146006273303163
936,0.4444115633191225,0.17285398684296677,0.3827344498379106
962,0.7650731079732915,0.031165034728981952,0.2037618572977265
813,0.038241066721091926,0.12326353513046974,0.8384953981484384
854,0.01968118645328804,0.9035600128100449,0.07675880073666687
241,0.03233793689462143,0.8723791492693953,0.0952829138359833
29,0.2493560027805782,0.5567762400929976,0.19386775712642423
1067,0.0005838680322900834,0.8342657246955406,0.16515040727216937
703,0.014311061381645781,0.9056005143853929,0.08008842423296125
602,0.25223513379350276,0.7393318865951027,0.008432979611394525
474,0.9714096700106096,0.028531054173236328,5.927581615422424e-05
107,0.0007504840574795397,0.8352070615913126,0.16404245435120776
213,0.9418481748656706,0.04984123637943398,0.008310588754895232
850,0.00023645201979001677,0.6173017413774571,0.3824618066027528
259,0.06806015659675685,0.36811237540990016,0.5638274679933429
595,0.018986718933329035,0.9035766149645872,0.07743666610208379
44,0.00012186507215060842,0.005144458085279531,0.9947336768425699
342,0.014591287666536848,0.8833668651977888,0.10204184713567432
680,0.022827915829180995,0.17927262158290846,0.7978994625879104
232,0.901060662859696,0.07034022869595306,0.02859910844435091
14,0.0020544537850684485,0.9696738362212253,0.02827170999370629
87,0.000628902476824011,0.7258010144951771,0.2735700830279989
478,0.13949223484857118,0.8203215222627127,0.04018624288871611
737,0.9619538785148654,0.014629348541259206,0.023416772943875508
660,4.612886494091713e-05,0.011263960832925416,0.9886899103021336
853,0.0011372471849964989,0.9774214089060083,0.021441343908995176
363,0.9739242667439504,0.012660969205140293,0.013414764050909385
916,0.001463037140184938,0.9713072690131229,0.027229693846692143
739,0.08666929358997287,0.1654404233818589,0.7478902830281682
253,0.12838530532036538,0.5538510756877268,0.3177636189919077
914,0.27068419794097165,0.4129792426191005,0.3163365594399279
443,0.5749585537677414,0.08852007507868148,0.3365213711535771
1102,0.16133810480950214,0.8372126595151903,0.0014492356753075205
9,0.000168713642414877,0.7879977916787828,0.2118334946788023
919,0.008660154783244499,0.6355551764180737,0.35578466879868187
430,0.6719823852469268,0.2553296354022091,0.07268797935086414
339,0.06994199276929162,0.6315431449031773,0.2985148623275312
497,0.09039710988517717,0.8978390098232615,0.011763880291561451
1069,0.0006669622610114101,0.8508640551667519,0.1484689825722367
404,0.0450987164711667,0.9417685341450849,0.013132749383748386
295,0.005983639774947407,0.9772137316606676,0.01680262856438504
741,0.6045886330100271,0.3948088672371205,0.0006024997528524563
1176,0.13526875824771464,0.8633122405893618,0.0014190011629234406
748,0.9748348172331596,0.025083135906569222,8.204686027107365e-05
980,0.09321530525157573,0.5588553028797716,0.3479293918686526
631,0.0006499348098962567,0.3134597605389604,0.6858903046511434
816,0.13070779473853772,0.867711867185871,0.001580338075591291
115,0.15328069587698254,0.34365799191340063,0.5030613122096169
869,0.0023346003065696226,0.8949887100475763,0.10267668964585415
449,0.059876332428272526,0.835489756871234,0.10463391070049355
501,0.8172210889637729,0.1826088091115313,0.00017010192469574592
36,0.00718336778960474,0.46168859933930395,0.5311280328710913
640,0.972544959809498,0.01939725155820977,0.00805778863229223
396,0.9714710359385701,0.027718198873229887,0.0008107651881999291
893,0.014813263767490908,0.2615323198748508,0.7236544163576583
0,0.0134985796664707,0.9783939510821144,0.008107469251414949
146,6.534974131221915e-06,0.11044637183404968,0.8895470931918191
423,0.6139798590971707,0.035878041352914045,0.35014209954991526
621,0.14077022265711783,0.7195112224733134,0.13971855486956872
82,0.013020782594640394,0.2670780873732979,0.7199011300320617
144,5.6085527623984064e-05,0.046802666074647524,0.9531412483977285
593,0.6173776013937295,0.2863626613637256,0.09625973724254483
418,0.011040691349286686,0.4646726940373333,0.52428661461338
466,0.9506894639374017,0.049235281376578566,7.525468601962347e-05
220,0.01082043003594326,0.44073266147345197,0.5484469084906048
1003,0.0002675628726620986,0.9301171925905757,0.06961524453676217
930,0.01970329194577411,0.8976175376161557,0.08267917043807006
571,0.991149184798767,0.008522107346457282,0.0003287078547755907
52,0.0005448742965315915,0.9989542899900963,0.0005008357133720607
409,0.007376622978599016,0.3470688067275215,0.6455545702938795
557,0.02261078260327238,0.9711980207636783,0.006191196633049294
1135,0.7725311700991917,0.01975245686722662,0.20771637303358184
692,0.07227738964334922,0.916520237141395,0.011202373215255938
846,0.006938270925172232,0.9631557302271269,0.02990599884770083
24,0.0034484880864315876,0.9264830295233978,0.07006848239017066
778,6.282973692209089e-05,0.9838865640551163,0.016050606207961747
440,0.47770641595319574,0.5202967649475335,0.0019968190992706923
784,0.04031419283492229,0.9442259574044176,0.015459849760660043
422,0.08718369930376078,0.8855359517339964,0.02728034896224295
129,0.01746943624348947,0.2202927128522961,0.7622378509042145
72,0.9882365510682006,0.011551532079742516,0.0002119168520567268
496,0.0013534645280060722,0.8281095547153807,0.17053698075661322
410,0.0743424969983639,0.31581272284446193,0.6098447801571742
745,0.043046682877339315,0.9421848930647616,0.01476842405789908
137,0.8576088461426591,0.08531095423110463,0.05708019962623615
79,0.009405514598889027,0.9865660608953037,0.004028424505807206
795,0.0005620108456356162,0.9794755553095209,0.01996243384484364
502,0.7793306189091221,0.12175167791069512,0.09891770318018257
531,0.8886084366579415,0.11074683274597627,0.000644730596082186
231,0.22706461075982937,0.7355728856024879,0.03736250363768279
844,0.26722238528635534,0.37001703094627897,0.3627605837673657
322,0.011115695654777517,0.9605642879989659,0.028320016346256496
851,0.20756258329895358,0.568388017367037,0.2240493993340094
356,0.003509494031428008,0.9201755564470907,0.07631494952148116
1059,0.905028451966064,0.09451078519022434,0.00046076284371156706
1171,0.018292271055729614,0.909299973329222,0.07240775561504852
1016,0.011324496934412521,0.9812069751233933,0.007468527942194336
1140,0.003844362177657149,0.598220205745037,0.39793543207730586
955,0.02396106533150472,0.7926206036960004,0.18341833097249496
653,0.9459011160344983,0.054034868800579616,6.401516492199527e-05
18,0.00022587054654436264,0.3644271071865618,0.6353470222668939
166,0.2060515687693025,0.7776749304331986,0.016273500797498838
1151,0.9083815130023374,0.09156392103933766,5.456595832494059e-05
160,0.13402935783800093,0.8603874787372906,0.0055831634247086115
1030,0.004722151815835181,0.9924348422020468,0.0028430059821179447
831,0.01552639909808767,0.23382441955755684,0.7506491813443554
796,7.450790803619774e-05,0.9599093544249445,0.040016137667019315
728,0.6049583957625174,0.3840585374523058,0.010983066785176687
488,0.07098812387851106,0.780913163386902,0.14809871273458708
949,0.020155004043335957,0.9535321046423528,0.026312891314311252
1019,0.1497588848834809,0.7758004142294902,0.07444070088702902
369,0.7351287726899783,0.2596215360353111,0.005249691274710592
1038,0.6023300590138173,0.36846496908698645,0.029204971899196238
638,0.04110072743386692,0.944115580193034,0.01478369237309908
387,0.08576658715372976,0.6087267150194327,0.30550669782683754
879,0.3998703296202556,0.5947193946868616,0.005410275692882697
1106,0.8772216756999375,0.11715782665222463,0.005620497647837869
945,0.0017416458276302061,0.9504500713056098,0.04780828286676021
1068,0.024991924444747154,0.9521837448692484,0.022824330686004528
834,0.42043878208175833,0.485592508950945,0.09396870896729652
1093,0.00023118838782377376,0.9637790810104268,0.035989730601749356
724,0.7171572375901001,0.13263527084616492,0.15020749156373503
585,0.34162757872447763,0.6132943709065621,0.04507805036896025
1113,0.00021335583935040483,0.3324250897136679,0.6673615544469816
712,0.808134866656786,0.17932247772108326,0.012542655622130687
48,0.000745955901679975,0.8382987920932716,0.16095525200504848
1179,0.17479890387195046,0.8243091211716521,0.0008919749563974487
1055,0.010020425119708434,0.9285981283492276,0.061381446531064
124,0.0007534389868855009,0.04695316013232642,0.9522934008807881
1028,0.0009409185533578735,0.15497786932379765,0.8440812121228445
205,0.9610065770741886,0.035127585141667465,0.0038658377841438696
431,0.09144713649549,0.8742147135734692,0.03433814993104072
1011,0.0005825975561236018,0.9532936271255738,0.046123775318302696
1156,0.0005027393136922213,0.8093114930025122,0.19018576768379578
1109,0.5244370062829796,0.3913665731063443,0.08419642061067613
960,0.0008170676352875453,0.01893145810472914,0.9802514742599834
645,0.2874620575480939,0.3896144596307144,0.32292348282119165
890,0.0017650563719337777,0.8690222199391255,0.12921272368894077
187,0.6509954950134055,0.2946369156701722,0.054367589316422396
1185,0.8961315949211047,0.10282466970960305,0.0010437353692922507
340,0.32536638971573645,0.6347767079343336,0.03985690234992984
532,0.007283839044996548,0.7823285156874263,0.2103876452675771
714,0.07065038208984896,0.9238167611273057,0.005532856782845292
1034,0.843353431990326,0.14806974572375992,0.008576822285914248
769,0.0003593485709777487,0.07946460961664321,0.920176041812379
357,0.0004966820660095066,0.46059065107297487,0.5389126668610157
305,0.00025548309686463364,0.03996635989938441,0.959778157003751
384,0.9466301125455282,0.05328174580203195,8.814165243994062e-05
182,0.7769260083938524,0.19564461943509287,0.02742937217105468
630,0.1340194558671404,0.8137144229061386,0.05226612122672092
987,0.016283882191039132,0.9736643357361018,0.0100517820728591
375,0.9677865507044001,0.03219994465299084,1.3504642609094361e-05
529,0.3990950852594108,0.02601240271217684,0.5748925120284124
696,1.2808950760683309e-05,0.004538006022249846,0.9954491850269895
361,0.20024435278996935,0.7992398134658754,0.0005158337441553947
970,0.00497835748599723,0.9712531481713521,0.023768494342650798
70,0.007264910823957985,0.9079550323172978,0.08478005685874436
690,0.7529803747946396,0.24635037189418904,0.0006692533111711405
885,0.060185755084466684,0.8755833314206773,0.06423091349485585
1165,0.6230416832719584,0.016083035969227003,0.36087528075881453
1066,0.032040559939073184,0.9495465800462811,0.01841286001464573
760,0.0009422690999300826,0.762700989294109,0.23635674160596082
750,0.3643181057373559,0.6224908013629847,0.013191092899659283
47,0.0003480183130985863,0.05358598194464028,0.9460659997422612
774,0.0008960356683160083,0.9677924383894123,0.031311525942271705
990,0.00011328292132156042,0.058891688926907736,0.9409950281517707
89,0.001433163195783525,0.40022828859771237,0.5983385482065042
3,0.8929379470540182,0.1048112436821746,0.002250809263807345
326,0.014808949972699914,0.9787129431297532,0.006478106897546947
1024,0.8128829797212985,0.11358100343936371,0.07353601683933796
442,3.1820402905449215e-05,0.0004396953919326125,0.9995284842051619
261,0.0038210199072789036,0.7453373220983686,0.25084165799435265
528,0.3508595064017387,0.06273957715431781,0.5864009164439437
512,0.18568730924938573,0.8091927423574984,0.005119948393115791
421,0.7280172507811389,0.2608380794764961,0.011144669742365018
705,0.8551944198601273,0.14401354911218378,0.0007920310276888404
639,0.972535470827524,0.02720688069474419,0.0002576484777317782
681,0.5619433536377375,0.40487445764124236,0.03318218872102012
127,0.0009938843322216267,0.105832077773893,0.8931740378938854
293,0.9741127379887156,0.025577035087138152,0.0003102269241463404
1008,0.008768973331516394,0.9699026140283533,0.02132841264013028
864,0.9970450169217127,0.0029381122001683043,1.6870878119221413e-05
655,0.9942442957005063,0.005746352237843364,9.352061650414177e-06
80,0.00016056317965726475,0.11416932372213313,0.8856701130982096
511,0.9871730648341678,0.012823899620468145,3.035545364025211e-06
325,0.8631145673491738,0.13569620970438942,0.0011892229464367115
93,0.0003530479603495463,0.41066079431624947,0.588986157723401
287,0.07360640034603354,0.18747698792873013,0.7389166117252363
1142,0.09010069261800531,0.30691899442492476,0.6029803129570699
211,0.6439956757072199,0.3197103433597317,0.03629398093304846
1194,0.28026244277966245,0.6981079442846633,0.02162961293567416
416,0.006510373899829508,0.9834403602745284,0.01004926582564205
280,0.03529882252601676,0.963526727340745,0.001174450133238355
761,0.09831254483511698,0.7009681801703073,0.2007192749945758
616,0.5426134543603998,0.34398939888055946,0.11339714675904088
918,0.006618835887887816,0.9489396133355928,0.04444155077651931
634,0.1503952556697919,0.8365373239854604,0.013067420344747482
210,0.0010541330128747328,0.24672092664914277,0.7522249403379824
709,0.6393507290700219,0.3594081558552619,0.0012411150747162875
152,0.00027678015444820354,0.9310904489077422,0.06863277093780974
32,0.9417025475649212,0.05153709125839431,0.006760361176684661
772,0.49287799274387606,0.4968065209381499,0.010315486317974099
216,0.034647223085864674,0.3582392263369759,0.6071135505771593
519,0.0023451382578063263,0.06455594999923298,0.9330989117429608
444,0.9841098313271853,0.0158363654622437,5.380321057100267e-05
7,0.34348063422946146,0.6452216252159173,0.011297740554621238
642,0.09123914840548658,0.9029081551018752,0.005852696492638422
19,0.0037136306951835057,0.7358949228150661,0.26039144648975027
184,0.12983965531993844,0.8657193328938838,0.004441011786177684
451,0.03301958822052101,0.7345698034473752,0.23241060833210386
1032,0.004721852878132587,0.985687074781817,0.009591072340050374
1190,0.0542955084131523,0.6151475826410014,0.33055690894584616
490,0.9051202709647089,0.09230109060124575,0.002578638434045293
359,0.00021231844562652878,0.0245252607737666,0.9752624207806069
189,0.836414285557395,0.15368476454017443,0.009900949902430484
896,0.011272700649695811,0.9831750102020524,0.005552289148251894
247,0.008682251106959468,0.9543291960669531,0.03698855282608742
228,0.0007820897887660993,0.33475379457678384,0.6644641156344501
401,0.009061611723149841,0.9735226096839488,0.017415778592901412
892,0.5649639866979856,0.43232163247832306,0.0027143808236912872
1187,0.008104351296819589,0.9885922409881148,0.00330340771506553
312,0.0034705680328051282,0.010004401711252636,0.9865250302559422
770,0.6790446003066626,0.32050619673193703,0.0004492029614004056
633,0.44053118601845287,0.552616332882947,0.006852481098600121
1144,0.11013928237699716,0.8575867211917196,0.0322739964312833
226,0.07155941789966422,0.8581270013347122,0.07031358076562352
910,0.0030405841064575175,0.1486155636472409,0.8483438522463016
628,0.956530648776235,0.004736812664059075,0.038732538559705994
976,0.1071980494340027,0.884721184314496,0.008080766251501332
776,0.003346576672606556,0.9917141362826767,0.004939287044716796
848,7.868685640936538e-05,0.9157721899656571,0.08414912317793348
648,0.6068632719187458,0.37973386186527197,0.013402866215982223
100,0.1639046793597701,0.8333188685846293,0.002776452055600656
921,0.02877072994208309,0.9477881626472139,0.023441107410703082
839,0.02661614347435036,0.4988045986313866,0.474579257894263
768,0.005597735196219641,0.34900668196603585,0.6453955828377446
539,0.034828819469601084,0.4554131276305531,0.5097580528998458
1123,0.006339036087604943,0.29441965258808583,0.6992413113243092
859,0.086062775439306,0.8941716286036695,0.01976559595702468
1118,0.0921085682516154,0.8840267857906046,0.023864645957779998
314,0.5831733805106816,0.39395185188032,0.022874767608998325
603,0.08855361746824165,0.9093687934069883,0.002077589124770041
136,0.07514703108143765,0.9103619090867663,0.014491059831795994
1169,0.002133789157430926,0.9937405818137659,0.0041256290288032025
329,0.04163263478657678,0.02602879696306492,0.9323385682503583
196,0.14458243390052594,0.819904111428737,0.035513454670737056
370,0.36541808875504955,0.5995697605850144,0.03501215065993595
1178,0.19846231169379355,0.31261105994432126,0.4889266283618851
895,0.006464769445459525,0.9931756029896015,0.0003596275649388701
905,0.008258377248816843,0.9748708414834031,0.01687078126778007
1015,0.0003444604161057944,0.050432424494598976,0.9492231150892951
458,0.8917874428162493,0.10817311984297569,3.943734077501863e-05
278,0.003985296112049402,0.9920271238849525,0.003987580002998122
105,0.00020115147260317052,0.6577796411145466,0.3420192074128502
192,0.5808518137903524,0.4190670352303749,8.115097927256056e-05
707,0.02303159478943362,0.08114179736407974,0.8958266078464867
37,0.005276737684988605,0.8389410424618612,0.1557822198531501
599,0.9683477044465271,0.03123653205880483,0.0004157634946681057
830,0.0003383988851813555,0.9968603585545767,0.0028012425602419334
338,0.9192111205602361,0.04518207464588232,0.03560680479388157
164,0.834154182400466,0.16389150029100197,0.00195431730853199
197,0.7627800842098288,0.09676742377746095,0.1404524920127103
856,0.002212873163745142,0.9916671696870456,0.006119957149209119
77,0.2692672924773531,0.555746294523719,0.17498641299892784
85,0.6955667753677203,0.05435048295058503,0.2500827416816946
117,0.0025697000673725336,0.9370097858990912,0.06042051403353613
626,0.0012825802629599671,0.0051917108068721554,0.9935257089301679
904,0.0008994644840628407,0.01024160451683248,0.9888589309991046
419,0.05498885617403562,0.8906347562822144,0.054376387543750036
560,0.06189725378429208,0.9092208783768626,0.028881867838845283
632,0.013703723216559653,0.07668336402751932,0.9096129127559209
951,0.9679586683665505,0.02604927726313664,0.005992054370312908
459,0.015809354706429187,0.07070945010707148,0.9134811951864993
1114,0.785647505047907,0.19104935180225316,0.023303143149839722
832,0.620280957346172,0.36402361854245685,0.01569542411137115
968,0.002357137312087672,0.9798288179168435,0.01781404477106883
484,0.010221077379150324,0.7190591424702245,0.2707197801506252
649,0.02269465902203225,0.9499296914015807,0.027375649576386978
704,0.00394516747635806,0.9759252232997587,0.020129609223883255
780,0.34662444293846933,0.6515456357566614,0.001829921304869299
402,0.020140047459004665,0.7882420780124625,0.1916178745285328
203,0.0008180091037188218,0.06538504069359848,0.9337969502026827
675,0.0038917752893312977,0.07063111612925736,0.9254771085814114
554,0.3129398920779113,0.6829092710033815,0.004150836918707147
698,0.8849109224322228,0.11477515768659595,0.00031391988118131136
815,0.0016676836016128267,0.9906138978978521,0.007718418500534988
355,0.10924274358034476,0.8693821552079677,0.021375101211687536
120,0.0006365841225751065,0.8773609690462898,0.12200244683113509
583,0.0008895991918571995,0.7061926414797223,0.2929177593284204
428,0.0095111483791165,0.971456404850327,0.019032446770556332
275,0.035435242458338574,0.38292226523571254,0.5816424923059489
161,0.3770528501808066,0.6228325726473438,0.00011457717184956908
735,0.09473444442161914,0.9040811451182857,0.0011844104600952083
699,0.9857153564103411,0.014263693052777884,2.095053688087502e-05
958,0.009458768267674549,0.9739936454977354,0.016547586234590152
1182,0.0005464680281338649,0.9806498148829367,0.01880371708892951
507,0.2738410333698881,0.7194194203350278,0.006739546295084192
73,0.000664251876696512,0.9763251894727317,0.023010558650571836
320,0.07279452115135555,0.6633698725262068,0.26383560632243763
67,0.007654903200030887,0.7958033560201733,0.19654174077979591
923,0.007903708089274373,0.9824204758515939,0.009675816059131755
788,2.943382079159634e-05,0.9662733101442879,0.03369725603492057
59,0.15758323867117732,0.7122222950926614,0.13019446623616115
1035,0.005831406089315855,0.9891008112325568,0.005067782678127338
1115,0.29154933743133354,0.707240191025758,0.0012104715429084219
468,0.054067151351540756,0.9381684394099284,0.007764409238530818
797,0.3591811533951587,0.6403136806092034,0.0005051659956379405
379,0.011096739381242064,0.9810628907610728,0.007840369857685187
30,0.4950518236372349,0.498421080260286,0.006527096102479065
998,0.0054361836480398395,0.924865250856499,0.06969856549546133
1047,0.002463583441876417,0.8683367301261156,0.12919968643200797
661,0.828182136935363,0.14859879116206717,0.023219071902569645
1143,0.01880987609374968,0.03077264444215297,0.9504174794640975
398,0.9247728220360407,0.07505468441785501,0.0001724935461044466
510,0.0010207012694965812,0.07762219017815813,0.9213571085523453
432,0.0011604739762599962,0.5920417967935846,0.40679772923015545
689,0.01971032002069327,0.6877876164638855,0.29250206351542124
229,0.9878252198294631,0.01207637770537808,9.84024651586666e-05
1181,0.8281120756310689,0.1715275375643527,0.00036038680457828787
411,0.9030514046643604,0.08052586579799645,0.016422729537643104
248,0.7670809688160345,0.12989501473606632,0.10302401644789921
1126,0.4875061511693097,0.49082276260555885,0.021671086225131506
931,0.00022355888653029704,0.046983158397201644,0.952793282716268
49,0.002606294435780896,0.9877611024079901,0.00963260315622914
1020,0.05840357545871776,0.9244554454492427,0.017140979092039394
971,0.16344174532054453,0.36726610299585905,0.46929215168359645
1046,0.30203279180946974,0.32967203606161305,0.36829517212891727
535,0.013536303231373841,0.9586952149068876,0.027768481861738498
929,0.00014659081270095373,0.8014860095014613,0.19836739968583755
966,0.003792505622509175,0.9784260648786056,0.017781429498885278
940,0.20495639054113154,0.7914654847122086,0.0035781247466599
1087,0.0004287804011310612,0.052114138921246465,0.9474570806776225
666,0.0113608608763575,0.9806536222414053,0.007985516882237321
762,0.0965930973281269,0.5092741927016798,0.39413270997019323
835,0.05495242159879243,0.9204175463369455,0.02463003206426227
214,0.00702018741832409,0.6694505192514145,0.3235292933302613
792,0.009521243379543909,0.9577972182374687,0.03268153838298748
646,0.6433453774850282,0.3555567857699219,0.0010978367450499684
412,0.0874046410781615,0.9053661927472498,0.007229166174588794
766,0.37876088043914424,0.6097159185777505,0.011523200983105204
538,0.9714436496014845,0.028454844004657788,0.00010150639385753736
1001,0.0017695207701216992,0.9818538367896827,0.01637664244019562
1157,0.028718501550817902,0.9704595514128754,0.0008219470363066836
536,0.010944961713073697,0.9869760124089523,0.002079025877974005
133,0.01035568730907658,0.9804652649240158,0.009179047766907839
346,0.052442763906392124,0.9386382137872246,0.008919022306383386
376,0.009219806014031821,0.990293968565506,0.00048622542046226723
315,0.007528430084032758,0.9885563489516657,0.0039152209643017345
947,0.0008485952160646653,0.7111186702538872,0.28803273453004796
301,0.008791851049753564,0.9866431528494141,0.004564996100832447
324,0.09068221714552427,0.5729497795884434,0.33636800326603233
619,0.032590513935035106,0.8872232245946589,0.0801862614703061
54,0.006363843591539511,0.07522072413951397,0.9184154322689464
752,0.008424215268237705,0.8374566675160252,0.15411911721573715
669,0.3078479290821845,0.6406927137886933,0.051459357129122175
2,0.0010647677880912525,0.04619004858945647,0.9527451836224523
1040,0.02203893564683058,0.9374479730161369,0.0405130913370326
86,0.015924706429371747,0.6988083776337541,0.2852669159368742
624,0.5820788736947673,0.41202689806991766,0.005894228235314964
413,0.061481262935787664,0.8185670542424869,0.1199516828217254
891,0.01609382744502959,0.28603797287362065,0.6978681996813498
500,0.022631032643201574,0.9749987722200186,0.0023701951367796886
234,0.9646807035768677,0.034720512134625174,0.0005987842885069672
97,0.0002988759178293049,0.942843897623596,0.05685722645857469
1163,0.013440956020545947,0.9673319248994082,0.01922711908004584
874,0.1578205229525161,0.8275556639276562,0.014623813119827836
408,0.4306868940902259,0.5075482218812201,0.06176488402855402
665,0.07301900296854347,0.9221547512323572,0.004826245799099296
983,0.5431987057345113,0.44965680104179817,0.007144493223690385
69,0.3428104074929319,0.20916107557032904,0.4480285169367392
578,0.41831635014883145,0.5702345793109833,0.011449070540185272
167,0.02164346264490003,0.8672383802396559,0.11111815711544404
236,0.004231865979571604,0.2914056357334728,0.7043624982869556
1129,0.11687807754974476,0.8741286859648721,0.0089932364853831
174,0.2467419462100122,0.7187393539721184,0.03451869981786946
1043,0.19028689143794103,0.08454544492701438,0.7251676636350445
34,0.2698052031187399,0.6342989651032631,0.09589583177799703
285,0.03237838216788767,0.2067811725533936,0.7608404452787187
123,0.05950083090544856,0.8875167371957213,0.052982431898830146
742,0.7063970543829391,0.07422653097186337,0.21937641464519764
407,0.20122682423031163,0.7876800254904537,0.011093150279234614
50,0.005141148843858092,0.9767267227535207,0.01813212840262125
11,0.07420018106591059,0.912124346001563,0.013675472932526364
672,0.6390206288385126,0.10118843062258123,0.2597909405389061
618,0.7188416264846408,0.28000609150152106,0.0011522820138382625
1090,3.478298935224126e-05,0.04814645965115526,0.9518187573594924
575,0.13710926810331062,0.8595257863098057,0.003364945586883716
62,0.4554015619091802,0.5439820999048746,0.0006163381859452683
764,0.6321284002157002,0.35862014393069214,0.009251455853607751
1180,8.366254045685828e-05,0.03927486012127395,0.9606414773382691
403,0.2660694174197255,0.7317207573920388,0.0022098251882357502
1105,0.04640725995684571,0.948253723287714,0.005339016755440323
872,0.04546668347940598,0.9178685619122899,0.036664754608304144
756,0.09029323045536017,0.9076301547377502,0.002076614806889662
31,0.0002840964058022536,0.03633432802188442,0.9633815755723133
713,0.03459050008885304,0.9361775416431785,0.02923195826796842
388,0.0009081118996969678,0.21415411291452804,0.784937775185775
695,0.013527085608225539,0.869180827569996,0.11729208682177852
122,0.0016815454963789982,0.575828782958056,0.42248967154556505
683,0.8721643150693994,0.12693026950921765,0.0009054154213829427
481,0.12031648148290613,0.8703436496015343,0.009339868915559425
622,0.14233380082855351,0.821337833435219,0.03632836573622758
886,0.061008841794843297,0.8606051259543783,0.07838603225077838
395,0.16751763837510675,0.7589157155396604,0.07356664608523279
700,0.003272317613024306,0.10032031265530253,0.8964073697316731
677,0.002989077922108742,0.7181828791203276,0.27882804295756364
722,0.004899789567256155,0.9850443784572305,0.010055831975513246
128,0.0005094500111734001,0.9873902294575606,0.012100320531265899
617,0.46211867778230326,0.5356098599053813,0.0022714623123153087
296,0.06894881018213306,0.9293314775471712,0.0017197122706959478
773,0.5217829919885905,0.47648614264355676,0.0017308653678528923
783,0.0964878637111177,0.07021320545141536,0.8332989308374669
222,0.7875395915773502,0.2053092851885038,0.007151123234145985
913,0.0002754523350439938,0.939208233540823,0.06051631412413309
1139,0.29295122582647404,0.6659841260820916,0.041064648091434564
303,0.09498037502822086,0.8880734566780385,0.016946168293740644
1192,0.0004956905951256794,0.05842640309463427,0.94107790631024
967,0.260799348340565,0.6791862375356106,0.06001441412382443
493,0.8064865684558739,0.1927998378441793,0.000713593699946823
343,0.06506945347303038,0.6390266241305915,0.29590392239637814
389,0.3207895077815824,0.5940136437894091,0.08519684842900845
1195,0.0022970756728287714,0.10016875908407995,0.8975341652430914
41,0.24025057902021515,0.7518898170726239,0.007859603907160903
170,0.5880705076739198,0.31218082529962643,0.0997486670264538
1029,0.002548093586084061,0.9597957705896102,0.03765613582430576
1002,2.359476857752038e-05,0.5588223524367036,0.441154052794719
151,0.677283973108144,0.1514610594820194,0.17125496740983667
201,0.0025216260777231334,0.9467927552159611,0.05068561870631594
755,0.0037336047939104866,0.9881165413193451,0.0081498538867442
897,0.004940247046575625,0.9257124099926485,0.06934734296077605
938,0.08469523418960832,0.8771557800029934,0.038148985807398186
299,0.31583457924170255,0.6741468494110436,0.010018571347253855
460,0.096779177747961,0.863711522531601,0.039509299720438144
16,0.3482900859933668,0.6480046766855921,0.00370523732104111
392,0.673536837973878,0.32261383047467435,0.0038493315514476554
875,0.2658162993954102,0.14198341980214108,0.5922002808024488
731,0.022888258581405266,0.062296493902143764,0.9148152475164509
1013,0.00027340360249539594,0.2864149615252577,0.7133116348722469
1072,0.4972242739718233,0.43163951772743,0.07113620830074685
200,0.0634233896347664,0.9127662342580807,0.023810376107152968
515,0.9272416833040278,0.07004555848401015,0.0027127582119618864
103,0.11925215958324085,0.4604319501645358,0.42031589025222327
1039,0.0003192179865924326,0.9912648813447772,0.008415900668630235
22,0.0001323748322740428,0.9483916569410934,0.051475968226632536
336,0.001085940140929187,0.9977262962727917,0.0011877635862790471
673,0.26133472140102615,0.7356404098864596,0.003024868712514211
132,0.9887634475597866,0.01122963603066132,6.916409551965757e-06
1108,2.9108780998048603e-06,0.007902705046540648,0.9920943840753597
749,0.22712861707443774,0.652593265989363,0.12027811693619934
199,0.0513576133830217,0.27309719672245847,0.6755451898945198
969,0.0016179791585353247,0.9472406533981733,0.05114136744329122
317,0.24216558818012413,0.7221402856173106,0.0356941262025653
881,2.923230948417657e-06,0.14539256907790568,0.8546045076911458
264,0.0037254029342411728,0.7616428154360959,0.23463178162966297
861,0.006425436889117763,0.054358575575027275,0.9392159875358549
262,0.9593639062313123,0.039013141466286025,0.0016229523024016582
664,0.19052143397834745,0.6985881081578642,0.11089045786378837
1004,0.19718421157509936,0.7976120768902304,0.005203711534670212
121,0.005339246384279086,0.9808633874549826,0.013797366160738176
736,0.0032307358345507885,0.4685800226043827,0.5281892415610665
142,0.0033250263980299966,0.16065788588436147,0.8360170877176085
1131,0.03637406040907578,0.595465225942735,0.3681607136481893
551,0.23684458866881772,0.440500678396371,0.32265473293481123
702,0.0012635028533535743,0.9838795142434267,0.014856982903219762
579,0.000989622950175615,0.8617850344482386,0.13722534260158564
23,0.6099119708778188,0.37582041524706894,0.014267613875112316
548,0.0003086952140343933,0.01850415601828025,0.9811871487676853
1023,0.7733288253429595,0.22573029546613443,0.0009408791909061404
283,0.08474142740551216,0.10464758795789243,0.8106109846365954
973,3.077123081911037e-05,0.0025970255239976888,0.9973722032451833
90,0.9080729216465656,0.08579611451734284,0.006130963836091622
4,0.8187255535069053,0.15303855480904607,0.02823589168404858
986,0.25809831495034796,0.2784964432512569,0.4634052417983951
25,0.006310504238661578,0.6331321716281089,0.3605573241332296
310,0.004669986354853972,0.5458305586361052,0.44949945500904076
1107,0.008322436134992813,0.7826881913166139,0.2089893725483934
509,0.9964078231230348,0.0035817325820337387,1.0444294931493523e-05
78,0.0008310426546162603,0.9772490131490005,0.021919944196383198
119,0.007033514329555705,0.3004132545062947,0.6925532311641497
948,0.0008186796254855784,0.4050897076033837,0.5940916127711308
562,0.05448001081975865,0.9035420262680399,0.04197796291220131
974,5.6098439684582624e-05,0.9855455081007168,0.014398393459598452
46,0.011682263235403898,0.9724862675087746,0.01583146925582158
1044,0.012254062753996334,0.9870450164751084,0.000700920770895038
1175,0.03846896705975921,0.9576825897047578,0.003848443235482856
177,0.6588985408100493,0.15066018948335505,0.1904412697065958
676,0.00037734629398678216,0.2131332774940844,0.7864893762119288
842,0.8529766453990655,0.12896433011768846,0.018059024483245888
636,0.013320766569092125,0.7240841572542812,0.26259507617662686
477,0.43335006771546214,0.5645251102186649,0.002124822065872904
588,0.016724746763931563,0.3004823821536598,0.6827928710824087
647,0.00024129631555397412,0.04866536225121868,0.9510933414332274
1138,0.003978781479050449,0.9719363719994262,0.0240848465215233
273,0.004445545331212836,0.920801038746102,0.07475341592268532
527,0.004124614852797444,0.1855728977555647,0.8103024873916378
727,0.8763984369428031,0.08190784469401242,0.0416937183631845
267,0.8356957311165767,0.12343664378055702,0.04086762510286617
71,0.00025965813946756923,0.9894159450297342,0.010324396830798378
821,0.05155300853022083,0.9107605358463166,0.03768645562346247
584,0.7032012264068235,0.24048316284917207,0.05631561074400439
56,0.00012502950646633024,0.8873630110714514,0.1125119594220823
568,0.021055944560378948,0.3813922794829738,0.5975517759566472
559,0.019574168258411868,0.22250841287190096,0.7579174188696872
1075,0.00020533078131393888,0.9268644290726596,0.07293024014602639
598,0.021416525044915397,0.7161790756956234,0.26240439925946113
307,0.8717329728078111,0.059050047720552945,0.06921697947163591
934,0.002706734742954701,0.8337795574399388,0.16351370781710647
526,0.012154500906397477,0.5763381199984651,0.41150737909513746
268,0.05769707932835861,0.935685543563216,0.006617377108425442
843,0.8147826451547725,0.09981647795144691,0.08540087689378056
155,0.00028022290273494073,0.8483015796263407,0.15141819747092436
917,0.0005981831751544586,0.967784211547006,0.03161760527783944
282,0.2593360139870592,0.700164137093965,0.04049984891897584
1022,0.0003814225275450924,0.9746515883499403,0.02496698912251467
606,0.15977992874198763,0.7297948530194587,0.11042521823855375
1117,0.8660674213694773,0.13264763619574485,0.0012849424347778754
99,0.8437525885209837,0.15377961208510124,0.002467799393915145
57,0.0027898739947289667,0.7141172698021698,0.2830928562031013
272,0.05145124705169918,0.005752078780656713,0.9427966741676442
807,0.0035056982477923724,0.9852148272454598,0.011279474506747647
586,0.519995550995038,0.4451796548506005,0.03482479415436147
857,0.034003813259502025,0.9602632243156933,0.005732962424804739
108,0.06759485773950112,0.9209788449102541,0.01142629735024485
284,0.0009375909513486737,0.16019558125148717,0.8388668277971643
1026,0.0033380045789727056,0.9730584980846836,0.023603497336343603
597,0.003230046517381534,0.9854359605500107,0.01133399293260766
738,0.0038139984460803062,0.9387013172776905,0.05748468427622929
965,0.03152011516006682,0.44450788925083934,0.5239719955890938
391,0.0018559576721937248,0.7494587486535391,0.24868529367426714
1124,0.00027587199496908397,0.003696425555211251,0.9960277024498198
957,0.8729316199277851,0.08572125362697154,0.041347126445243375
981,0.012394688839086669,0.3056723568607828,0.6819329543001305
991,0.038655898883459265,0.5513979812323025,0.4099461198842382
563,0.6404388499591094,0.35911476865137537,0.0004463813895152548
581,0.003232764634545656,0.9431904070532854,0.053576828312169096
975,0.002471909532631973,0.92983219292174,0.06769589754562809
1079,2.8311593299039608e-05,0.011371850505941639,0.9885998379007592
498,0.48796396993661306,0.4970300962725972,0.015005933790789785
1141,0.000661879735332355,0.07903768834224745,0.9203004319224201
157,0.0203420672769387,0.43628702390874824,0.543370908814313
91,0.7539994337315645,0.22453157615866312,0.021468990109772348
308,0.0055871560243728755,0.9346680222562047,0.05974482171942242
112,0.004768287986514717,0.47518127387307213,0.5200504381404131
794,0.007715504309740344,0.12083776945441715,0.8714467262358425
809,0.923504849306903,0.07625912523207301,0.00023602546102390878
367,0.1860233131447146,0.788294830523607,0.025681856331678292
922,0.000564403820623405,0.9369385245605667,0.06249707161880981
386,0.7559448260401297,0.09718619997151223,0.14686897398835805
464,0.03150074558551482,0.6261929039647206,0.3423063504497646
635,0.10347591378266302,0.7402857373239212,0.15623834889341576
175,0.8562911295811153,0.022907618821639306,0.12080125159724538
453,0.12176812125524951,0.8635806728277532,0.01465120591699716
935,0.021679125074214073,0.6960450281274635,0.2822758467983224
667,0.9862527345899613,0.013715041937524578,3.222347251401737e-05
475,0.000570751572230519,0.021754903303288407,0.977674345124481
309,0.9906453049176164,0.007943661989492383,0.0014110330928912603
1058,0.38991834691505883,0.4388432606240482,0.17123839246089292
40,0.00044694695888191694,0.9950656465042081,0.004487406536909829
822,0.0001215816938916329,0.7917337708476352,0.2081446474584733
35,0.1108327210605346,0.8883016691469688,0.0008656097924967116
140,0.8487749993097782,0.08366735566427409,0.06755764502594769
169,0.8559401164039179,0.11456596953334099,0.02949391406274111
1100,0.12921950630512227,0.35474860793518903,0.5160318857596886
244,0.1957320770657522,0.8018819493552035,0.002385973579044107
1074,0.2520569628422793,0.7467653377904296,0.0011776993672910142
1006,0.0007979513233583766,0.9846158832497048,0.014586165426936824
1147,0.9195238537806273,0.059016669545529185,0.021459476673843573
876,0.0047720980458146114,0.14244402497111816,0.8527838769830672
1071,0.0010619885682113478,0.9867805710070296,0.012157440424759133
775,0.8636554846123069,0.1362334787694584,0.00011103661823466864
899,0.3794846543593365,0.6172948991556907,0.0032204464849727205
840,0.33453865026131185,0.6634671685944213,0.0019941811442668214
671,0.13791172983925176,0.8334195125342742,0.028668757626473994
269,0.0115657917595051,0.9808425598467768,0.007591648393718171
319,0.108570073698126,0.8304179431672927,0.061011983134581185
221,0.6248101120261805,0.1488264088983579,0.22636347907546162
96,0.00032779224127924255,0.8229854399646361,0.17668676779408465
286,0.00641166867896959,0.8807640516881626,0.11282427963286776
1159,1.0276263175037045e-05,0.15619277209912882,0.8437969516376961
1045,0.004069350161195364,0.9095071913706483,0.08642345846815634
524,0.8735173538700172,0.12623671774841555,0.00024592838156719615
1197,0.0045587355028504474,0.9939467622527957,0.001494502244353876
265,0.793018227726118,0.20397306100623894,0.0030087112676429966
565,0.08361858956649758,0.9103434474666751,0.006037962966827304
476,0.4922305444398614,0.41827532962985886,0.08949412593027971
802,0.23390837390310348,0.039462933423393416,0.7266286926735032
751,0.05597405446210642,0.8624074535569802,0.08161849198091337
109,0.008294869290401095,0.8084242377068444,0.18328089300275455
353,0.9832681808213732,0.01569850052762896,0.0010333186509978041
537,0.0005053156065367521,0.01215711732252598,0.9873375670709373
763,0.02806634791927049,0.8406153015487443,0.131318350531985
865,0.8893408225439803,0.09800860390005185,0.012650573555967909
485,0.9816875470554824,0.018126771347687608,0.00018568159683004148
878,0.919068616535404,0.06606108795996514,0.014870295504630789
954,0.00441970806982615,0.9912824204389542,0.004297871491219688
486,0.21336630949505359,0.7174856749700648,0.0691480155348816
291,0.9621404064913258,0.03781081858350695,4.8774925167322985e-05
483,0.005866892178729815,0.5298514491428511,0.4642816586784192
81,0.6731787501187395,0.3171537742552802,0.009667475625980294
710,0.0044797332432248505,0.9623881007470327,0.03313216600974235
898,0.022605598200335725,0.8971266115541158,0.08026779024554848
782,0.2650804763703751,0.73448706814814,0.00043245548148489486
372,0.520486677542594,0.34235377440447384,0.13715954805293204
937,0.00040563295776481744,0.9571962443161969,0.0423981227260385
1053,0.5449962801187644,0.11478922021703215,0.34021449966420336
212,0.95133115866269,0.007660882649567453,0.04100795868774234
877,0.11144236078742563,0.5845868813205093,0.3039707578920651
894,0.0007800833104963345,0.8510611817595625,0.14815873492994122
318,0.07670454021213323,0.9000822849654759,0.023213174822390856
517,0.04284382676624214,0.928242476800744,0.028913696433013784
992,4.0262134528203906e-05,0.19966344099252784,0.800296296872944
1170,0.0009588375979072948,0.8063044202697729,0.1927367421323198
570,0.0367020030864368,0.96042460831804,0.002873388595523149
805,0.00285315781297515,0.9905481800963428,0.006598662090682038
547,0.8678781797470296,0.1195276290557313,0.012594191197239044
1021,0.18148694543660454,0.7691852645433567,0.04932779002003887
884,4.823732488997894e-05,0.06852588254953801,0.9314258801255721
1120,0.000434258388038154,0.8991096924386506,0.10045604917331129
767,0.03410008974863689,0.9483175835274801,0.017582326723882952
65,0.653997751505185,0.2814182817381902,0.06458396675662477
716,0.9980989623886758,0.0008535453132109978,0.0010474922981134013
366,0.0074585721918172315,0.9655551943567656,0.026986233451417208
438,0.00150395425168374,0.003858012854148837,0.9946380328941673
159,0.3563739820747645,0.592073489606018,0.05155252831921747
870,0.06072901668717132,0.9329421700564782,0.00632881325635056
1082,1.9732908370855964e-06,0.002103510122464965,0.9978945165866979
758,0.9400944912266819,0.059876622302388174,2.8886470929969538e-05
1085,0.00045961660711714685,0.9988441189376113,0.0006962644552717747
1122,0.0044234550818770405,0.9737242943089953,0.02185225060912777
513,0.6539795231490977,0.3444723583099312,0.0015481185409709918
185,0.0999940518291138,0.8971126136157362,0.002893334555149846
240,0.7159876337735089,0.28233358816766346,0.0016787780588276523
849,0.264627620560538,0.7284712659050087,0.00690111353445318
110,0.001402974951046598,0.2331018988108096,0.7654951262381439
1132,0.9332487404469385,0.06551339641067641,0.0012378631423851359
590,0.05443323995771432,0.8547120650433081,0.09085469499897761
826,0.006522566988355788,0.9763566469432475,0.017120786068396707
178,0.9696512969584414,0.018619088227893255,0.011729614813665433
183,0.0024587105622475335,0.6655649156163999,0.33197637382135264
131,0.12397897134831509,0.8701068285458153,0.005914200105869566
932,0.0011639983736662432,0.8729900749574881,0.12584592666884545
503,0.3170914635197779,0.42633636554428267,0.2565721709359394
521,0.06226276398856986,0.8348742604598864,0.1028629755515437
352,0.042059808547742994,0.06012460555994713,0.8978155858923098
1036,0.09541378141804933,0.781732812944391,0.12285340563755963
364,0.9854650737632042,0.014495906695601917,3.9019541193936264e-05
1010,0.024391593505131544,0.6558093887701628,0.3197990177247056
693,0.66342171278338,0.33577554532121756,0.0008027418954024255
198,0.123594001287411,0.8755465699247594,0.0008594287878296334
824,0.0011866889904296016,0.3206973185306316,0.6781159924789387
827,0.00015360369676523512,0.04514341151248705,0.9547029847907478
66,0.00048714049655487605,0.04162217309692661,0.9578906864065185
652,0.0014651809974243206,0.9963307369386302,0.0022040820639455125
880,0.03916957254916698,0.9537420617458323,0.007088365705000727
445,0.17192486023355016,0.6094188759475001,0.21865626381894984
556,0.006016500613108799,0.6608236670504674,0.3331598323364239
1198,0.012922426147731259,0.8250482051208055,0.1620293687314633
1041,0.006591764009964514,0.90419112901526,0.08921710697477554
988,0.02985754181062206,0.9557810797340098,0.014361378455368187
434,0.12135623704098226,0.7829633057522577,0.09568045720676005
589,0.014621240385593941,0.9714819363567857,0.013896823257620214
61,0.00855262345003008,0.8204161192202057,0.17103125732976418
463,0.48562655176483,0.15262002242165418,0.3617534258135158
915,0.003853343216148822,0.8446263511036131,0.15152030568023803
747,0.059008686603820616,0.8813025872623467,0.05968872613383253
837,0.5709120395373333,0.276739170703826,0.1523487897588409
194,0.5354770314588865,0.46003372402454645,0.004489244516567054
334,0.033535899779794376,0.8393238563832681,0.12714024383693753
725,0.8642513185705294,0.13526073244621187,0.0004879489832587278
1052,0.00019512410932434835,0.766526907385632,0.23327796850504365
467,0.8046422679885958,0.19386698690692578,0.001490745104478485
1009,0.033920875622854306,0.9589762348111635,0.007102889565982293
734,0.5220326176580884,0.4685027792878766,0.00946460305403511
439,0.01443800361701996,0.9245101859814135,0.06105181040156657
688,0.7326184237027428,0.07939574263800615,0.18798583365925112
545,0.045564670845815614,0.2029022997498374,0.751533029404347
999,0.5188831078829219,0.01441093488967973,0.4667059572273983
558,0.1539826286065303,0.7384269886172625,0.1075903827762072
550,0.959333034110768,0.040565470584543024,0.00010149530468895252
838,0.0021155556041253507,0.09395630815022014,0.9039281362456545
12,0.19533365219828902,0.14004933960856047,0.6646170081931505
989,8.100592778699635e-05,0.9612600009304951,0.038658993141717855
1095,0.7779741725307338,0.21984257782540623,0.002183249643860158
288,0.9926827062489746,0.0072825163387347834,3.477741229078246e-05
446,0.05785689486372089,0.8658508414376215,0.07629226369865756
8,0.35101789258458194,0.6105749629088312,0.03840714450658677
594,0.8014264081012488,0.19402786667127622,0.004545725227475169
1037,0.002806130046920919,0.6186202200201788,0.3785736499329002
472,0.12323225448107351,0.8636206817216361,0.013147063797290243
13,0.05395194238434201,0.9434225538050368,0.002625503810621019
28,0.7795288618030806,0.2139278713650091,0.006543266831910327
912,0.010455473225660048,0.9636139038490334,0.025930622925306564
926,0.04463812644869343,0.9548053894575789,0.0005564840937275565
1060,0.001341299915426772,0.43457176668421904,0.5640869334003541
145,0.05597924608427563,0.9055278949875031,0.03849285892822117
909,0.0004080011046756128,0.7215093965890517,0.27808260230627263
345,0.007050070409587317,0.1738325470292328,0.8191173825611799
76,0.8602510404195043,0.1392710205390928,0.00047793904140292756
1048,0.01680272615789715,0.9696109830448477,0.013586290797255058
759,0.3586402401018006,0.29801897568858027,0.34334078420961905
564,0.0573022950564867,0.9329610212535199,0.009736683689993378
791,0.7474675093277263,0.24363056050508172,0.008901930167192007
574,0.9669491119639182,0.03127843913833254,0.001772448897749271
573,0.0017185315076234506,0.3330306853863292,0.6652507831060472
952,0.8989851197696179,0.09035762107932888,0.010657259151053193
255,0.039368869386462675,0.959595222832886,0.00103590778065132
670,0.45694652943549013,0.5306332334086441,0.012420237155865746
996,0.0704332376846785,0.6114828727272016,0.31808388958811984
505,0.0020431635037845325,0.9890719458210222,0.008884890675193222
1088,0.3731831261334693,0.6261067071797736,0.0007101666867569479
982,0.00019201832900001312,0.8304663603015865,0.1693416213694134
959,0.006069372649897035,0.992383298114388,0.0015473292357149212
471,0.002483311890878608,0.6186152179289327,0.3789014701801887
1150,0.002439525194053468,0.17596173894839576,0.8215987358575507
591,0.023580662434414583,0.22480876583019868,0.7516105717353867
495,0.9456594663887052,0.04925076247671215,0.00508977113458265
219,0.0014134525253773139,0.22886934229024503,0.7697172051843777
540,0.02642126563327,0.9687679672310159,0.004810767135714123
246,0.1849625410272704,0.7913424255497772,0.023695033422952545
470,0.6438001879556586,0.353654375777746,0.002545436266595445
95,0.16893737553343807,0.7784300565513693,0.05263256791519254
753,0.027248965317291988,0.9369107415037763,0.03584029317893171
349,0.5559167431014279,0.4303908594082341,0.013692397490338017
520,0.753891739790026,0.24274960886263586,0.0033586513473381208
516,0.6943634882906359,0.22080119063813083,0.08483532107123327
362,0.865035145407953,0.041922653507233516,0.09304220108481355
436,0.8863002356208821,0.11318078508212619,0.0005189792969914919
1097,0.04539848587464302,0.9455950184590367,0.009006495666320247
313,0.03834382073632318,0.958426019817413,0.003230159446263855
499,0.21532566480479867,0.7783907261377622,0.0062836090574392555
1080,0.1603455521490886,0.826718395588473,0.012936052262438227
1050,0.012788517474533006,0.9200025832535749,0.0672088992718922
304,0.7920799032319926,0.19560277517449023,0.01231732159351724
217,0.7752768873837241,0.14262643660149552,0.08209667601478031
298,0.6787570813055492,0.3038554183963156,0.01738750029813506
723,0.00347060139346651,0.9439342223918097,0.05259517621472384
641,0.017017285623258945,0.9635207015680326,0.019462012808708483
316,0.7995331816989072,0.19979651618336008,0.0006703021177326074
1064,0.9310251618663969,0.019235136606027384,0.049739701527575654
817,0.9963534770089989,0.003645413023613071,1.1099673881864366e-06
427,0.8242838906613884,0.014907947727554667,0.16080816161105688
271,0.010562758607000762,0.9681120349714495,0.02132520642154956
596,0.2804422056188496,0.7111584290969584,0.00839936528419215
473,0.11706744355675731,0.8795436633042866,0.003388893138956049
420,0.9968011657577777,0.003151612257153636,4.7221985068699876e-05
818,0.19426874332539196,0.7859430757700127,0.01978818090459527
871,0.01347051884750442,0.9793886172547359,0.007140863897759802
149,0.0016189708114031896,0.18879594475425443,0.8095850844343423
708,0.023386159417652277,0.2912261910059833,0.6853876495763644
101,0.01378206009189905,0.96249275345284,0.023725186455260946
841,0.03393713947408809,0.9572475363475043,0.008815324178407689
1188,0.0023478758008391564,0.9904825874771516,0.007169536722009273
1189,0.9640837798505064,0.03579143258967662,0.00012478755981698501
5,0.00042473936935573316,0.1947970842976866,0.8047781763329577
337,0.0015507140033541383,0.9764340524273879,0.022015233569257973
609,0.01380392527266852,0.7238401906721317,0.2623558840551997
348,0.613985199025561,0.3382465845770087,0.04776821639743032
836,0.05664956236886754,0.49634496330887745,0.4470054743222549
1134,0.5984964166289474,0.3572630895199261,0.044240493851126626
900,0.866365334040023,0.13271691301830385,0.0009177529416731442
447,0.9747660017660504,0.02511956912044572,0.00011442911350374515
347,0.00544247572776563,0.9789164705037887,0.015641053768445712
450,0.1247401391713968,0.8639152780077731,0.011344582820830038
239,0.5150434431164396,0.3285606450147462,0.15639591186881432
972,0.1419727303096559,0.8466975075131845,0.011329762177159699
789,0.013452272177952031,0.9457719777657148,0.04077575005633316
615,0.9429323337039642,0.007220597761655248,0.049847068534380604
1077,0.0008740607152085746,0.9944702030318344,0.004655736252956965
946,0.0931066787334889,0.8724645560323374,0.03442876523417357
771,0.22264762556689693,0.768941503216838,0.008410871216265074
380,0.9540923118268191,0.04554358752804226,0.0003641006451387244
492,0.7891412470116257,0.20984986889736718,0.0010088840910071892
75,0.1594430754209463,0.8396375357700919,0.0009193888089617746
257,0.012119667784412603,0.31139382511082986,0.6764865071047576
465,0.38583928407081464,0.5877348892620429,0.026425826667142424
42,0.0024181706969142293,0.97964281484853,0.017939014454555598
480,0.7555122098414395,0.22583446117827985,0.018653328980280503
1083,0.02801826479815925,0.9713584189908467,0.0006233162109939992
424,0.019680462599532312,0.9576211119999072,0.02269842540056046
209,0.6582165720051026,0.16309311191900186,0.17869031607589556
454,0.005518606660058159,0.977529740687549,0.01695165265239285
1033,0.009166188124000718,0.9622069654742409,0.02862684640175828
487,0.01329988635332768,0.9648194457887884,0.02188066785788376
555,0.40194859339576344,0.12635128500042786,0.4717001216038088
281,0.8046238987503075,0.1945821676161224,0.0007939336335701052
274,0.4710622815491804,0.5235902837416924,0.005347434709127262
251,0.9088909887146702,0.07323896111777972,0.01787005016755013
543,0.04875914864714201,0.9488166674153716,0.0024241839374863883
1154,0.0015095401865605517,0.4989775174292244,0.49951294238421495
171,0.0012622435955202173,0.36800687874188676,0.6307308776625931
323,0.9702176844214095,0.028524522242874856,0.001257793335715675
1168,0.0007677509366732558,0.9337283263124314,0.06550392275089532
118,0.42895521103487244,0.5385959243383239,0.032448864626803596
150,0.0005290061403407283,0.9683766544273555,0.031094339432303608
651,0.0004211011595239551,0.09351414475379462,0.9060647540866813
