run_id,config_hash,policy,fold_a,fold_b,top_k,top_k_jaccard,spearman_all_features
manuscript_final_20260712T181754Z_c664ef152ff3,c664ef152ff3a9eef89c53a403b9c2e6f677340bea0307b02d97d07cc54bdfc3,no_salary_hike_no_attrition_no_department,1,2,5,1.0,0.9308270676691727
manuscript_final_20260712T181754Z_c664ef152ff3,c664ef152ff3a9eef89c53a403b9c2e6f677340bea0307b02d97d07cc54bdfc3,no_salary_hike_no_attrition_no_department,1,2,10,0.8181818181818182,0.9308270676691727
manuscript_final_20260712T181754Z_c664ef152ff3,c664ef152ff3a9eef89c53a403b9c2e6f677340bea0307b02d97d07cc54bdfc3,no_salary_hike_no_attrition_no_department,1,2,15,0.7647058823529411,0.9308270676691727
manuscript_final_20260712T181754Z_c664ef152ff3,c664ef152ff3a9eef89c53a403b9c2e6f677340bea0307b02d97d07cc54bdfc3,no_salary_hike_no_attrition_no_department,1,3,5,1.0,0.9428571428571428
manuscript_final_20260712T181754Z_c664ef152ff3,c664ef152ff3a9eef89c53a403b9c2e6f677340bea0307b02d97d07cc54bdfc3,no_salary_hike_no_attrition_no_department,1,3,10,0.8181818181818182,0.9428571428571428
manuscript_final_20260712T181754Z_c664ef152ff3,c664ef152ff3a9eef89c53a403b9c2e6f677340bea0307b02d97d07cc54bdfc3,no_salary_hike_no_attrition_no_department,1,3,15,0.7647058823529411,0.9428571428571428
manuscript_final_20260712T181754Z_c664ef152ff3,c664ef152ff3a9eef89c53a403b9c2e6f677340bea0307b02d97d07cc54bdfc3,no_salary_hike_no_attrition_no_department,1,4,5,1.0,0.8977443609022555
manuscript_final_20260712T181754Z_c664ef152ff3,c664ef152ff3a9eef89c53a403b9c2e6f677340bea0307b02d97d07cc54bdfc3,no_salary_hike_no_attrition_no_department,1,4,10,0.8181818181818182,0.8977443609022555
manuscript_final_20260712T181754Z_c664ef152ff3,c664ef152ff3a9eef89c53a403b9c2e6f677340bea0307b02d97d07cc54bdfc3,no_salary_hike_no_attrition_no_department,1,4,15,0.7647058823529411,0.8977443609022555
manuscript_final_20260712T181754Z_c664ef152ff3,c664ef152ff3a9eef89c53a403b9c2e6f677340bea0307b02d97d07cc54bdfc3,no_salary_hike_no_attrition_no_department,1,5,5,1.0,0.9157894736842105
manuscript_final_20260712T181754Z_c664ef152ff3,c664ef152ff3a9eef89c53a403b9c2e6f677340bea0307b02d97d07cc54bdfc3,no_salary_hike_no_attrition_no_department,1,5,10,0.8181818181818182,0.9157894736842105
manuscript_final_20260712T181754Z_c664ef152ff3,c664ef152ff3a9eef89c53a403b9c2e6f677340bea0307b02d97d07cc54bdfc3,no_salary_hike_no_attrition_no_department,1,5,15,0.7647058823529411,0.9157894736842105
manuscript_final_20260712T181754Z_c664ef152ff3,c664ef152ff3a9eef89c53a403b9c2e6f677340bea0307b02d97d07cc54bdfc3,no_salary_hike_no_attrition_no_department,1,6,5,1.0,0.8601503759398496
manuscript_final_20260712T181754Z_c664ef152ff3,c664ef152ff3a9eef89c53a403b9c2e6f677340bea0307b02d97d07cc54bdfc3,no_salary_hike_no_attrition_no_department,1,6,10,1.0,0.8601503759398496
manuscript_final_20260712T181754Z_c664ef152ff3,c664ef152ff3a9eef89c53a403b9c2e6f677340bea0307b02d97d07cc54bdfc3,no_salary_hike_no_attrition_no_department,1,6,15,0.7647058823529411,0.8601503759398496
manuscript_final_20260712T181754Z_c664ef152ff3,c664ef152ff3a9eef89c53a403b9c2e6f677340bea0307b02d97d07cc54bdfc3,no_salary_hike_no_attrition_no_department,1,7,5,1.0,0.9022556390977443
manuscript_final_20260712T181754Z_c664ef152ff3,c664ef152ff3a9eef89c53a403b9c2e6f677340bea0307b02d97d07cc54bdfc3,no_salary_hike_no_attrition_no_department,1,7,10,1.0,0.9022556390977443
manuscript_final_20260712T181754Z_c664ef152ff3,c664ef152ff3a9eef89c53a403b9c2e6f677340bea0307b02d97d07cc54bdfc3,no_salary_hike_no_attrition_no_department,1,7,15,0.7647058823529411,0.9022556390977443
manuscript_final_20260712T181754Z_c664ef152ff3,c664ef152ff3a9eef89c53a403b9c2e6f677340bea0307b02d97d07cc54bdfc3,no_salary_hike_no_attrition_no_department,1,8,5,1.0,0.9398496240601503
manuscript_final_20260712T181754Z_c664ef152ff3,c664ef152ff3a9eef89c53a403b9c2e6f677340bea0307b02d97d07cc54bdfc3,no_salary_hike_no_attrition_no_department,1,8,10,1.0,0.9398496240601503
manuscript_final_20260712T181754Z_c664ef152ff3,c664ef152ff3a9eef89c53a403b9c2e6f677340bea0307b02d97d07cc54bdfc3,no_salary_hike_no_attrition_no_department,1,8,15,0.7647058823529411,0.9398496240601503
manuscript_final_20260712T181754Z_c664ef152ff3,c664ef152ff3a9eef89c53a403b9c2e6f677340bea0307b02d97d07cc54bdfc3,no_salary_hike_no_attrition_no_department,1,9,5,1.0,0.932330827067669
manuscript_final_20260712T181754Z_c664ef152ff3,c664ef152ff3a9eef89c53a403b9c2e6f677340bea0307b02d97d07cc54bdfc3,no_salary_hike_no_attrition_no_department,1,9,10,0.8181818181818182,0.932330827067669
manuscript_final_20260712T181754Z_c664ef152ff3,c664ef152ff3a9eef89c53a403b9c2e6f677340bea0307b02d97d07cc54bdfc3,no_salary_hike_no_attrition_no_department,1,9,15,0.7647058823529411,0.932330827067669
manuscript_final_20260712T181754Z_c664ef152ff3,c664ef152ff3a9eef89c53a403b9c2e6f677340bea0307b02d97d07cc54bdfc3,no_salary_hike_no_attrition_no_department,1,10,5,1.0,0.9293233082706768
manuscript_final_20260712T181754Z_c664ef152ff3,c664ef152ff3a9eef89c53a403b9c2e6f677340bea0307b02d97d07cc54bdfc3,no_salary_hike_no_attrition_no_department,1,10,10,1.0,0.9293233082706768
manuscript_final_20260712T181754Z_c664ef152ff3,c664ef152ff3a9eef89c53a403b9c2e6f677340bea0307b02d97d07cc54bdfc3,no_salary_hike_no_attrition_no_department,1,10,15,0.7647058823529411,0.9293233082706768
manuscript_final_20260712T181754Z_c664ef152ff3,c664ef152ff3a9eef89c53a403b9c2e6f677340bea0307b02d97d07cc54bdfc3,no_salary_hike_no_attrition_no_department,2,3,5,1.0,0.9052631578947368
manuscript_final_20260712T181754Z_c664ef152ff3,c664ef152ff3a9eef89c53a403b9c2e6f677340bea0307b02d97d07cc54bdfc3,no_salary_hike_no_attrition_no_department,2,3,10,0.6666666666666666,0.9052631578947368
manuscript_final_20260712T181754Z_c664ef152ff3,c664ef152ff3a9eef89c53a403b9c2e6f677340bea0307b02d97d07cc54bdfc3,no_salary_hike_no_attrition_no_department,2,3,15,0.875,0.9052631578947368
manuscript_final_20260712T181754Z_c664ef152ff3,c664ef152ff3a9eef89c53a403b9c2e6f677340bea0307b02d97d07cc54bdfc3,no_salary_hike_no_attrition_no_department,2,4,5,1.0,0.8872180451127819
manuscript_final_20260712T181754Z_c664ef152ff3,c664ef152ff3a9eef89c53a403b9c2e6f677340bea0307b02d97d07cc54bdfc3,no_salary_hike_no_attrition_no_department,2,4,10,0.6666666666666666,0.8872180451127819
manuscript_final_20260712T181754Z_c664ef152ff3,c664ef152ff3a9eef89c53a403b9c2e6f677340bea0307b02d97d07cc54bdfc3,no_salary_hike_no_attrition_no_department,2,4,15,0.7647058823529411,0.8872180451127819
manuscript_final_20260712T181754Z_c664ef152ff3,c664ef152ff3a9eef89c53a403b9c2e6f677340bea0307b02d97d07cc54bdfc3,no_salary_hike_no_attrition_no_department,2,5,5,1.0,0.9112781954887217
manuscript_final_20260712T181754Z_c664ef152ff3,c664ef152ff3a9eef89c53a403b9c2e6f677340bea0307b02d97d07cc54bdfc3,no_salary_hike_no_attrition_no_department,2,5,10,0.6666666666666666,0.9112781954887217
manuscript_final_20260712T181754Z_c664ef152ff3,c664ef152ff3a9eef89c53a403b9c2e6f677340bea0307b02d97d07cc54bdfc3,no_salary_hike_no_attrition_no_department,2,5,15,0.7647058823529411,0.9112781954887217
manuscript_final_20260712T181754Z_c664ef152ff3,c664ef152ff3a9eef89c53a403b9c2e6f677340bea0307b02d97d07cc54bdfc3,no_salary_hike_no_attrition_no_department,2,6,5,1.0,0.9308270676691727
manuscript_final_20260712T181754Z_c664ef152ff3,c664ef152ff3a9eef89c53a403b9c2e6f677340bea0307b02d97d07cc54bdfc3,no_salary_hike_no_attrition_no_department,2,6,10,0.8181818181818182,0.9308270676691727
manuscript_final_20260712T181754Z_c664ef152ff3,c664ef152ff3a9eef89c53a403b9c2e6f677340bea0307b02d97d07cc54bdfc3,no_salary_hike_no_attrition_no_department,2,6,15,1.0,0.9308270676691727
manuscript_final_20260712T181754Z_c664ef152ff3,c664ef152ff3a9eef89c53a403b9c2e6f677340bea0307b02d97d07cc54bdfc3,no_salary_hike_no_attrition_no_department,2,7,5,1.0,0.9248120300751879
manuscript_final_20260712T181754Z_c664ef152ff3,c664ef152ff3a9eef89c53a403b9c2e6f677340bea0307b02d97d07cc54bdfc3,no_salary_hike_no_attrition_no_department,2,7,10,0.8181818181818182,0.9248120300751879
manuscript_final_20260712T181754Z_c664ef152ff3,c664ef152ff3a9eef89c53a403b9c2e6f677340bea0307b02d97d07cc54bdfc3,no_salary_hike_no_attrition_no_department,2,7,15,0.7647058823529411,0.9248120300751879
manuscript_final_20260712T181754Z_c664ef152ff3,c664ef152ff3a9eef89c53a403b9c2e6f677340bea0307b02d97d07cc54bdfc3,no_salary_hike_no_attrition_no_department,2,8,5,1.0,0.9518796992481202
manuscript_final_20260712T181754Z_c664ef152ff3,c664ef152ff3a9eef89c53a403b9c2e6f677340bea0307b02d97d07cc54bdfc3,no_salary_hike_no_attrition_no_department,2,8,10,0.8181818181818182,0.9518796992481202
manuscript_final_20260712T181754Z_c664ef152ff3,c664ef152ff3a9eef89c53a403b9c2e6f677340bea0307b02d97d07cc54bdfc3,no_salary_hike_no_attrition_no_department,2,8,15,0.875,0.9518796992481202
manuscript_final_20260712T181754Z_c664ef152ff3,c664ef152ff3a9eef89c53a403b9c2e6f677340bea0307b02d97d07cc54bdfc3,no_salary_hike_no_attrition_no_department,2,9,5,1.0,0.993984962406015
manuscript_final_20260712T181754Z_c664ef152ff3,c664ef152ff3a9eef89c53a403b9c2e6f677340bea0307b02d97d07cc54bdfc3,no_salary_hike_no_attrition_no_department,2,9,10,1.0,0.993984962406015
manuscript_final_20260712T181754Z_c664ef152ff3,c664ef152ff3a9eef89c53a403b9c2e6f677340bea0307b02d97d07cc54bdfc3,no_salary_hike_no_attrition_no_department,2,9,15,1.0,0.993984962406015
manuscript_final_20260712T181754Z_c664ef152ff3,c664ef152ff3a9eef89c53a403b9c2e6f677340bea0307b02d97d07cc54bdfc3,no_salary_hike_no_attrition_no_department,2,10,5,1.0,0.9744360902255638
manuscript_final_20260712T181754Z_c664ef152ff3,c664ef152ff3a9eef89c53a403b9c2e6f677340bea0307b02d97d07cc54bdfc3,no_salary_hike_no_attrition_no_department,2,10,10,0.8181818181818182,0.9744360902255638
manuscript_final_20260712T181754Z_c664ef152ff3,c664ef152ff3a9eef89c53a403b9c2e6f677340bea0307b02d97d07cc54bdfc3,no_salary_hike_no_attrition_no_department,2,10,15,0.875,0.9744360902255638
manuscript_final_20260712T181754Z_c664ef152ff3,c664ef152ff3a9eef89c53a403b9c2e6f677340bea0307b02d97d07cc54bdfc3,no_salary_hike_no_attrition_no_department,3,4,5,1.0,0.9308270676691727
manuscript_final_20260712T181754Z_c664ef152ff3,c664ef152ff3a9eef89c53a403b9c2e6f677340bea0307b02d97d07cc54bdfc3,no_salary_hike_no_attrition_no_department,3,4,10,0.8181818181818182,0.9308270676691727
manuscript_final_20260712T181754Z_c664ef152ff3,c664ef152ff3a9eef89c53a403b9c2e6f677340bea0307b02d97d07cc54bdfc3,no_salary_hike_no_attrition_no_department,3,4,15,0.7647058823529411,0.9308270676691727
manuscript_final_20260712T181754Z_c664ef152ff3,c664ef152ff3a9eef89c53a403b9c2e6f677340bea0307b02d97d07cc54bdfc3,no_salary_hike_no_attrition_no_department,3,5,5,1.0,0.8887218045112781
manuscript_final_20260712T181754Z_c664ef152ff3,c664ef152ff3a9eef89c53a403b9c2e6f677340bea0307b02d97d07cc54bdfc3,no_salary_hike_no_attrition_no_department,3,5,10,0.8181818181818182,0.8887218045112781
manuscript_final_20260712T181754Z_c664ef152ff3,c664ef152ff3a9eef89c53a403b9c2e6f677340bea0307b02d97d07cc54bdfc3,no_salary_hike_no_attrition_no_department,3,5,15,0.7647058823529411,0.8887218045112781
manuscript_final_20260712T181754Z_c664ef152ff3,c664ef152ff3a9eef89c53a403b9c2e6f677340bea0307b02d97d07cc54bdfc3,no_salary_hike_no_attrition_no_department,3,6,5,1.0,0.8887218045112781
manuscript_final_20260712T181754Z_c664ef152ff3,c664ef152ff3a9eef89c53a403b9c2e6f677340bea0307b02d97d07cc54bdfc3,no_salary_hike_no_attrition_no_department,3,6,10,0.8181818181818182,0.8887218045112781
manuscript_final_20260712T181754Z_c664ef152ff3,c664ef152ff3a9eef89c53a403b9c2e6f677340bea0307b02d97d07cc54bdfc3,no_salary_hike_no_attrition_no_department,3,6,15,0.875,0.8887218045112781
manuscript_final_20260712T181754Z_c664ef152ff3,c664ef152ff3a9eef89c53a403b9c2e6f677340bea0307b02d97d07cc54bdfc3,no_salary_hike_no_attrition_no_department,3,7,5,1.0,0.8511278195488721
manuscript_final_20260712T181754Z_c664ef152ff3,c664ef152ff3a9eef89c53a403b9c2e6f677340bea0307b02d97d07cc54bdfc3,no_salary_hike_no_attrition_no_department,3,7,10,0.8181818181818182,0.8511278195488721
manuscript_final_20260712T181754Z_c664ef152ff3,c664ef152ff3a9eef89c53a403b9c2e6f677340bea0307b02d97d07cc54bdfc3,no_salary_hike_no_attrition_no_department,3,7,15,0.6666666666666666,0.8511278195488721
manuscript_final_20260712T181754Z_c664ef152ff3,c664ef152ff3a9eef89c53a403b9c2e6f677340bea0307b02d97d07cc54bdfc3,no_salary_hike_no_attrition_no_department,3,8,5,1.0,0.900751879699248
manuscript_final_20260712T181754Z_c664ef152ff3,c664ef152ff3a9eef89c53a403b9c2e6f677340bea0307b02d97d07cc54bdfc3,no_salary_hike_no_attrition_no_department,3,8,10,0.8181818181818182,0.900751879699248
manuscript_final_20260712T181754Z_c664ef152ff3,c664ef152ff3a9eef89c53a403b9c2e6f677340bea0307b02d97d07cc54bdfc3,no_salary_hike_no_attrition_no_department,3,8,15,0.7647058823529411,0.900751879699248
manuscript_final_20260712T181754Z_c664ef152ff3,c664ef152ff3a9eef89c53a403b9c2e6f677340bea0307b02d97d07cc54bdfc3,no_salary_hike_no_attrition_no_department,3,9,5,1.0,0.8992481203007519
manuscript_final_20260712T181754Z_c664ef152ff3,c664ef152ff3a9eef89c53a403b9c2e6f677340bea0307b02d97d07cc54bdfc3,no_salary_hike_no_attrition_no_department,3,9,10,0.6666666666666666,0.8992481203007519
manuscript_final_20260712T181754Z_c664ef152ff3,c664ef152ff3a9eef89c53a403b9c2e6f677340bea0307b02d97d07cc54bdfc3,no_salary_hike_no_attrition_no_department,3,9,15,0.875,0.8992481203007519
manuscript_final_20260712T181754Z_c664ef152ff3,c664ef152ff3a9eef89c53a403b9c2e6f677340bea0307b02d97d07cc54bdfc3,no_salary_hike_no_attrition_no_department,3,10,5,1.0,0.918796992481203
manuscript_final_20260712T181754Z_c664ef152ff3,c664ef152ff3a9eef89c53a403b9c2e6f677340bea0307b02d97d07cc54bdfc3,no_salary_hike_no_attrition_no_department,3,10,10,0.8181818181818182,0.918796992481203
manuscript_final_20260712T181754Z_c664ef152ff3,c664ef152ff3a9eef89c53a403b9c2e6f677340bea0307b02d97d07cc54bdfc3,no_salary_hike_no_attrition_no_department,3,10,15,0.7647058823529411,0.918796992481203
manuscript_final_20260712T181754Z_c664ef152ff3,c664ef152ff3a9eef89c53a403b9c2e6f677340bea0307b02d97d07cc54bdfc3,no_salary_hike_no_attrition_no_department,4,5,5,1.0,0.8857142857142858
manuscript_final_20260712T181754Z_c664ef152ff3,c664ef152ff3a9eef89c53a403b9c2e6f677340bea0307b02d97d07cc54bdfc3,no_salary_hike_no_attrition_no_department,4,5,10,1.0,0.8857142857142858
manuscript_final_20260712T181754Z_c664ef152ff3,c664ef152ff3a9eef89c53a403b9c2e6f677340bea0307b02d97d07cc54bdfc3,no_salary_hike_no_attrition_no_department,4,5,15,0.6666666666666666,0.8857142857142858
manuscript_final_20260712T181754Z_c664ef152ff3,c664ef152ff3a9eef89c53a403b9c2e6f677340bea0307b02d97d07cc54bdfc3,no_salary_hike_no_attrition_no_department,4,6,5,1.0,0.806015037593985
manuscript_final_20260712T181754Z_c664ef152ff3,c664ef152ff3a9eef89c53a403b9c2e6f677340bea0307b02d97d07cc54bdfc3,no_salary_hike_no_attrition_no_department,4,6,10,0.8181818181818182,0.806015037593985
manuscript_final_20260712T181754Z_c664ef152ff3,c664ef152ff3a9eef89c53a403b9c2e6f677340bea0307b02d97d07cc54bdfc3,no_salary_hike_no_attrition_no_department,4,6,15,0.7647058823529411,0.806015037593985
manuscript_final_20260712T181754Z_c664ef152ff3,c664ef152ff3a9eef89c53a403b9c2e6f677340bea0307b02d97d07cc54bdfc3,no_salary_hike_no_attrition_no_department,4,7,5,1.0,0.8706766917293233
manuscript_final_20260712T181754Z_c664ef152ff3,c664ef152ff3a9eef89c53a403b9c2e6f677340bea0307b02d97d07cc54bdfc3,no_salary_hike_no_attrition_no_department,4,7,10,0.8181818181818182,0.8706766917293233
manuscript_final_20260712T181754Z_c664ef152ff3,c664ef152ff3a9eef89c53a403b9c2e6f677340bea0307b02d97d07cc54bdfc3,no_salary_hike_no_attrition_no_department,4,7,15,0.7647058823529411,0.8706766917293233
manuscript_final_20260712T181754Z_c664ef152ff3,c664ef152ff3a9eef89c53a403b9c2e6f677340bea0307b02d97d07cc54bdfc3,no_salary_hike_no_attrition_no_department,4,8,5,1.0,0.8646616541353382
manuscript_final_20260712T181754Z_c664ef152ff3,c664ef152ff3a9eef89c53a403b9c2e6f677340bea0307b02d97d07cc54bdfc3,no_salary_hike_no_attrition_no_department,4,8,10,0.8181818181818182,0.8646616541353382
manuscript_final_20260712T181754Z_c664ef152ff3,c664ef152ff3a9eef89c53a403b9c2e6f677340bea0307b02d97d07cc54bdfc3,no_salary_hike_no_attrition_no_department,4,8,15,0.7647058823529411,0.8646616541353382
manuscript_final_20260712T181754Z_c664ef152ff3,c664ef152ff3a9eef89c53a403b9c2e6f677340bea0307b02d97d07cc54bdfc3,no_salary_hike_no_attrition_no_department,4,9,5,1.0,0.875187969924812
manuscript_final_20260712T181754Z_c664ef152ff3,c664ef152ff3a9eef89c53a403b9c2e6f677340bea0307b02d97d07cc54bdfc3,no_salary_hike_no_attrition_no_department,4,9,10,0.6666666666666666,0.875187969924812
manuscript_final_20260712T181754Z_c664ef152ff3,c664ef152ff3a9eef89c53a403b9c2e6f677340bea0307b02d97d07cc54bdfc3,no_salary_hike_no_attrition_no_department,4,9,15,0.7647058823529411,0.875187969924812
manuscript_final_20260712T181754Z_c664ef152ff3,c664ef152ff3a9eef89c53a403b9c2e6f677340bea0307b02d97d07cc54bdfc3,no_salary_hike_no_attrition_no_department,4,10,5,1.0,0.8781954887218045
manuscript_final_20260712T181754Z_c664ef152ff3,c664ef152ff3a9eef89c53a403b9c2e6f677340bea0307b02d97d07cc54bdfc3,no_salary_hike_no_attrition_no_department,4,10,10,0.8181818181818182,0.8781954887218045
manuscript_final_20260712T181754Z_c664ef152ff3,c664ef152ff3a9eef89c53a403b9c2e6f677340bea0307b02d97d07cc54bdfc3,no_salary_hike_no_attrition_no_department,4,10,15,0.875,0.8781954887218045
manuscript_final_20260712T181754Z_c664ef152ff3,c664ef152ff3a9eef89c53a403b9c2e6f677340bea0307b02d97d07cc54bdfc3,no_salary_hike_no_attrition_no_department,5,6,5,1.0,0.9067669172932331
manuscript_final_20260712T181754Z_c664ef152ff3,c664ef152ff3a9eef89c53a403b9c2e6f677340bea0307b02d97d07cc54bdfc3,no_salary_hike_no_attrition_no_department,5,6,10,0.8181818181818182,0.9067669172932331
manuscript_final_20260712T181754Z_c664ef152ff3,c664ef152ff3a9eef89c53a403b9c2e6f677340bea0307b02d97d07cc54bdfc3,no_salary_hike_no_attrition_no_department,5,6,15,0.7647058823529411,0.9067669172932331
manuscript_final_20260712T181754Z_c664ef152ff3,c664ef152ff3a9eef89c53a403b9c2e6f677340bea0307b02d97d07cc54bdfc3,no_salary_hike_no_attrition_no_department,5,7,5,1.0,0.9218045112781955
manuscript_final_20260712T181754Z_c664ef152ff3,c664ef152ff3a9eef89c53a403b9c2e6f677340bea0307b02d97d07cc54bdfc3,no_salary_hike_no_attrition_no_department,5,7,10,0.8181818181818182,0.9218045112781955
manuscript_final_20260712T181754Z_c664ef152ff3,c664ef152ff3a9eef89c53a403b9c2e6f677340bea0307b02d97d07cc54bdfc3,no_salary_hike_no_attrition_no_department,5,7,15,0.7647058823529411,0.9218045112781955
manuscript_final_20260712T181754Z_c664ef152ff3,c664ef152ff3a9eef89c53a403b9c2e6f677340bea0307b02d97d07cc54bdfc3,no_salary_hike_no_attrition_no_department,5,8,5,1.0,0.9488721804511278
manuscript_final_20260712T181754Z_c664ef152ff3,c664ef152ff3a9eef89c53a403b9c2e6f677340bea0307b02d97d07cc54bdfc3,no_salary_hike_no_attrition_no_department,5,8,10,0.8181818181818182,0.9488721804511278
manuscript_final_20260712T181754Z_c664ef152ff3,c664ef152ff3a9eef89c53a403b9c2e6f677340bea0307b02d97d07cc54bdfc3,no_salary_hike_no_attrition_no_department,5,8,15,0.875,0.9488721804511278
manuscript_final_20260712T181754Z_c664ef152ff3,c664ef152ff3a9eef89c53a403b9c2e6f677340bea0307b02d97d07cc54bdfc3,no_salary_hike_no_attrition_no_department,5,9,5,1.0,0.9142857142857143
manuscript_final_20260712T181754Z_c664ef152ff3,c664ef152ff3a9eef89c53a403b9c2e6f677340bea0307b02d97d07cc54bdfc3,no_salary_hike_no_attrition_no_department,5,9,10,0.6666666666666666,0.9142857142857143
manuscript_final_20260712T181754Z_c664ef152ff3,c664ef152ff3a9eef89c53a403b9c2e6f677340bea0307b02d97d07cc54bdfc3,no_salary_hike_no_attrition_no_department,5,9,15,0.7647058823529411,0.9142857142857143
manuscript_final_20260712T181754Z_c664ef152ff3,c664ef152ff3a9eef89c53a403b9c2e6f677340bea0307b02d97d07cc54bdfc3,no_salary_hike_no_attrition_no_department,5,10,5,1.0,0.9338345864661652
manuscript_final_20260712T181754Z_c664ef152ff3,c664ef152ff3a9eef89c53a403b9c2e6f677340bea0307b02d97d07cc54bdfc3,no_salary_hike_no_attrition_no_department,5,10,10,0.8181818181818182,0.9338345864661652
manuscript_final_20260712T181754Z_c664ef152ff3,c664ef152ff3a9eef89c53a403b9c2e6f677340bea0307b02d97d07cc54bdfc3,no_salary_hike_no_attrition_no_department,5,10,15,0.7647058823529411,0.9338345864661652
manuscript_final_20260712T181754Z_c664ef152ff3,c664ef152ff3a9eef89c53a403b9c2e6f677340bea0307b02d97d07cc54bdfc3,no_salary_hike_no_attrition_no_department,6,7,5,1.0,0.8691729323308269
manuscript_final_20260712T181754Z_c664ef152ff3,c664ef152ff3a9eef89c53a403b9c2e6f677340bea0307b02d97d07cc54bdfc3,no_salary_hike_no_attrition_no_department,6,7,10,1.0,0.8691729323308269
manuscript_final_20260712T181754Z_c664ef152ff3,c664ef152ff3a9eef89c53a403b9c2e6f677340bea0307b02d97d07cc54bdfc3,no_salary_hike_no_attrition_no_department,6,7,15,0.7647058823529411,0.8691729323308269
manuscript_final_20260712T181754Z_c664ef152ff3,c664ef152ff3a9eef89c53a403b9c2e6f677340bea0307b02d97d07cc54bdfc3,no_salary_hike_no_attrition_no_department,6,8,5,1.0,0.9097744360902256
manuscript_final_20260712T181754Z_c664ef152ff3,c664ef152ff3a9eef89c53a403b9c2e6f677340bea0307b02d97d07cc54bdfc3,no_salary_hike_no_attrition_no_department,6,8,10,1.0,0.9097744360902256
manuscript_final_20260712T181754Z_c664ef152ff3,c664ef152ff3a9eef89c53a403b9c2e6f677340bea0307b02d97d07cc54bdfc3,no_salary_hike_no_attrition_no_department,6,8,15,0.875,0.9097744360902256
manuscript_final_20260712T181754Z_c664ef152ff3,c664ef152ff3a9eef89c53a403b9c2e6f677340bea0307b02d97d07cc54bdfc3,no_salary_hike_no_attrition_no_department,6,9,5,1.0,0.9308270676691727
manuscript_final_20260712T181754Z_c664ef152ff3,c664ef152ff3a9eef89c53a403b9c2e6f677340bea0307b02d97d07cc54bdfc3,no_salary_hike_no_attrition_no_department,6,9,10,0.8181818181818182,0.9308270676691727
manuscript_final_20260712T181754Z_c664ef152ff3,c664ef152ff3a9eef89c53a403b9c2e6f677340bea0307b02d97d07cc54bdfc3,no_salary_hike_no_attrition_no_department,6,9,15,1.0,0.9308270676691727
manuscript_final_20260712T181754Z_c664ef152ff3,c664ef152ff3a9eef89c53a403b9c2e6f677340bea0307b02d97d07cc54bdfc3,no_salary_hike_no_attrition_no_department,6,10,5,1.0,0.932330827067669
manuscript_final_20260712T181754Z_c664ef152ff3,c664ef152ff3a9eef89c53a403b9c2e6f677340bea0307b02d97d07cc54bdfc3,no_salary_hike_no_attrition_no_department,6,10,10,1.0,0.932330827067669
manuscript_final_20260712T181754Z_c664ef152ff3,c664ef152ff3a9eef89c53a403b9c2e6f677340bea0307b02d97d07cc54bdfc3,no_salary_hike_no_attrition_no_department,6,10,15,0.875,0.932330827067669
manuscript_final_20260712T181754Z_c664ef152ff3,c664ef152ff3a9eef89c53a403b9c2e6f677340bea0307b02d97d07cc54bdfc3,no_salary_hike_no_attrition_no_department,7,8,5,1.0,0.9203007518796992
manuscript_final_20260712T181754Z_c664ef152ff3,c664ef152ff3a9eef89c53a403b9c2e6f677340bea0307b02d97d07cc54bdfc3,no_salary_hike_no_attrition_no_department,7,8,10,1.0,0.9203007518796992
manuscript_final_20260712T181754Z_c664ef152ff3,c664ef152ff3a9eef89c53a403b9c2e6f677340bea0307b02d97d07cc54bdfc3,no_salary_hike_no_attrition_no_department,7,8,15,0.7647058823529411,0.9203007518796992
manuscript_final_20260712T181754Z_c664ef152ff3,c664ef152ff3a9eef89c53a403b9c2e6f677340bea0307b02d97d07cc54bdfc3,no_salary_hike_no_attrition_no_department,7,9,5,1.0,0.9233082706766916
manuscript_final_20260712T181754Z_c664ef152ff3,c664ef152ff3a9eef89c53a403b9c2e6f677340bea0307b02d97d07cc54bdfc3,no_salary_hike_no_attrition_no_department,7,9,10,0.8181818181818182,0.9233082706766916
manuscript_final_20260712T181754Z_c664ef152ff3,c664ef152ff3a9eef89c53a403b9c2e6f677340bea0307b02d97d07cc54bdfc3,no_salary_hike_no_attrition_no_department,7,9,15,0.7647058823529411,0.9233082706766916
manuscript_final_20260712T181754Z_c664ef152ff3,c664ef152ff3a9eef89c53a403b9c2e6f677340bea0307b02d97d07cc54bdfc3,no_salary_hike_no_attrition_no_department,7,10,5,1.0,0.9458646616541352
manuscript_final_20260712T181754Z_c664ef152ff3,c664ef152ff3a9eef89c53a403b9c2e6f677340bea0307b02d97d07cc54bdfc3,no_salary_hike_no_attrition_no_department,7,10,10,1.0,0.9458646616541352
manuscript_final_20260712T181754Z_c664ef152ff3,c664ef152ff3a9eef89c53a403b9c2e6f677340bea0307b02d97d07cc54bdfc3,no_salary_hike_no_attrition_no_department,7,10,15,0.875,0.9458646616541352
manuscript_final_20260712T181754Z_c664ef152ff3,c664ef152ff3a9eef89c53a403b9c2e6f677340bea0307b02d97d07cc54bdfc3,no_salary_hike_no_attrition_no_department,8,9,5,1.0,0.9518796992481202
manuscript_final_20260712T181754Z_c664ef152ff3,c664ef152ff3a9eef89c53a403b9c2e6f677340bea0307b02d97d07cc54bdfc3,no_salary_hike_no_attrition_no_department,8,9,10,0.8181818181818182,0.9518796992481202
manuscript_final_20260712T181754Z_c664ef152ff3,c664ef152ff3a9eef89c53a403b9c2e6f677340bea0307b02d97d07cc54bdfc3,no_salary_hike_no_attrition_no_department,8,9,15,0.875,0.9518796992481202
manuscript_final_20260712T181754Z_c664ef152ff3,c664ef152ff3a9eef89c53a403b9c2e6f677340bea0307b02d97d07cc54bdfc3,no_salary_hike_no_attrition_no_department,8,10,5,1.0,0.9308270676691727
manuscript_final_20260712T181754Z_c664ef152ff3,c664ef152ff3a9eef89c53a403b9c2e6f677340bea0307b02d97d07cc54bdfc3,no_salary_hike_no_attrition_no_department,8,10,10,1.0,0.9308270676691727
manuscript_final_20260712T181754Z_c664ef152ff3,c664ef152ff3a9eef89c53a403b9c2e6f677340bea0307b02d97d07cc54bdfc3,no_salary_hike_no_attrition_no_department,8,10,15,0.875,0.9308270676691727
manuscript_final_20260712T181754Z_c664ef152ff3,c664ef152ff3a9eef89c53a403b9c2e6f677340bea0307b02d97d07cc54bdfc3,no_salary_hike_no_attrition_no_department,9,10,5,1.0,0.9714285714285714
manuscript_final_20260712T181754Z_c664ef152ff3,c664ef152ff3a9eef89c53a403b9c2e6f677340bea0307b02d97d07cc54bdfc3,no_salary_hike_no_attrition_no_department,9,10,10,0.8181818181818182,0.9714285714285714
manuscript_final_20260712T181754Z_c664ef152ff3,c664ef152ff3a9eef89c53a403b9c2e6f677340bea0307b02d97d07cc54bdfc3,no_salary_hike_no_attrition_no_department,9,10,15,0.875,0.9714285714285714
