run_id,config_hash,scientific_input_hash,source_tree_hash,metric_schema_hash,table_id,dataset_identity,model_identity,evaluation_scope,denominator,uncertainty_method,source_artifact,source_sha256,source_record_type,source_row_number,provenance_config_hash,dataset_id,canonical_name,raw_file_path,retrieval_url,retrieval_date,sha256,row_count,column_count,target_column,target_mapping,target_mapping_support,role,allowed_claim,task_type,known_source_mirror_status,source_authenticity_verification_status,licence,licence_verification_status,citation_source,citation_verification_status,unresolved_manual_verification_items,dataset_sha256,schema_mapping_sha256,fold_contract_hash,feature_policy_contract_sha256,model_set_sha256,support_scale,target_value,count,proportion,n_total
canonical_v2_20260714T221501Z_483f96f,51415c2ce68c89d9ce2b042b0a7a811fe3e98180b72460006f9d0465f6bf49b7,06c507bee525ea1daca43b61249764007d4d8baaa05c9333f23446ea723ce160,f1e358e99914563305428cece1b1595bc76a58643184407ec5b222162d650332,98ae57b622a56983192975c5bff94374ed51322f13c76af633c3c96ceb198cdd,dataset_roles_target_mappings_support,"{""dataset_id"":""inx_primary""}",not_applicable_dataset_contract,dataset_identity_target_mapping_and_observed_support,1200,not_applicable_observed_support,dataset_cards/dataset_cards.csv,7538f845e4ba3c5fb209db83f398740cacf356fcd32ee04fc0ac34a270479335,dataset_cards,1,c1c93febd4652b1c79133750acf96505cd8d997267554606e4cbce06d96b5105,inx_primary,INX Future Inc Employee Performance,data/raw/inx_employee_performance.csv,manual_review_required,manual_review_required,b8deac0a615b97076622ae540f4cfd0d3c3f1e7acb83ba3ff6560470a9ccf60a,1200.0,28.0,PerformanceRating,"{""2"": 2, ""3"": 3, ""4"": 4}","[{""mapped_value"": 2, ""raw_count"": 194, ""raw_value"": ""2""}, {""mapped_value"": 3, ""raw_count"": 874, ""raw_value"": ""3""}, {""mapped_value"": 4, ""raw_count"": 132, ""raw_value"": ""4""}]",primary_development_and_internal_oof_evaluation,Internal out-of-fold employee-performance evidence; not independent external validation.,ordinal_multiclass_performance,repository_local_copy_upstream_source_unverified,manual_review_required,manual_review_required,manual_review_required,INX Future Inc Employee Performance dataset title and repository-local raw file; upstream bibliographic source is not independently verified.,manual_review_required,"[""Confirm the upstream retrieval URL and actual retrieval date."", ""Confirm the authoritative source and mirror chain."", ""Confirm the dataset licence and reuse terms."", ""Confirm the authoritative bibliographic citation.""]",,,,,,,,,,
canonical_v2_20260714T221501Z_483f96f,51415c2ce68c89d9ce2b042b0a7a811fe3e98180b72460006f9d0465f6bf49b7,06c507bee525ea1daca43b61249764007d4d8baaa05c9333f23446ea723ce160,f1e358e99914563305428cece1b1595bc76a58643184407ec5b222162d650332,98ae57b622a56983192975c5bff94374ed51322f13c76af633c3c96ceb198cdd,dataset_roles_target_mappings_support,"{""dataset_id"":""hrdataset_v14""}",not_applicable_dataset_contract,dataset_identity_target_mapping_and_observed_support,311,not_applicable_observed_support,dataset_cards/dataset_cards.csv,7538f845e4ba3c5fb209db83f398740cacf356fcd32ee04fc0ac34a270479335,dataset_cards,2,c1c93febd4652b1c79133750acf96505cd8d997267554606e4cbce06d96b5105,hrdataset_v14,HRDataset_v14 / Human Resources Data Set,data/external/hrdataset_v14/raw.csv,https://raw.githubusercontent.com/pouyasattari/HR-Dataset-Analysis/main/HRDataset_v14.csv,manual_review_required,cb19996755c93c0a8d6527f59da4701c80aef65eff854906546dce286249813c,311.0,36.0,PerformanceScore,"{""Exceeds"": 4, ""Exceptional"": 4, ""Fully Meets"": 3, ""Needs Improvement"": 2, ""PIP"": 2}","[{""mapped_value"": 4, ""raw_count"": 37, ""raw_value"": ""Exceeds""}, {""mapped_value"": 3, ""raw_count"": 243, ""raw_value"": ""Fully Meets""}, {""mapped_value"": 2, ""raw_count"": 18, ""raw_value"": ""Needs Improvement""}, {""mapped_value"": 2, ""raw_count"": 13, ""raw_value"": ""PIP""}]",independent_external_performance_target_replication,Independent external performance-target replication; not locked-model transport unless a separate transported-model result is generated.,ordinal_multiclass_performance,public_mirror_recorded_upstream_authenticity_unverified,manual_review_required,manual_review_required,manual_review_required,"HRDataset_v14 / Human Resources Data Set; repository records the listed GitHub raw-file mirror, not an independently authenticated original source.",manual_review_required,"[""Confirm the actual retrieval date rather than treating the repository-add date as retrieval evidence."", ""Confirm the authoritative original source and mirror chain."", ""Confirm the dataset licence and reuse terms."", ""Confirm the authoritative bibliographic citation.""]",,,,,,,,,,
canonical_v2_20260714T221501Z_483f96f,51415c2ce68c89d9ce2b042b0a7a811fe3e98180b72460006f9d0465f6bf49b7,06c507bee525ea1daca43b61249764007d4d8baaa05c9333f23446ea723ce160,f1e358e99914563305428cece1b1595bc76a58643184407ec5b222162d650332,98ae57b622a56983192975c5bff94374ed51322f13c76af633c3c96ceb198cdd,dataset_roles_target_mappings_support,"{""dataset_sha256"":""cb19996755c93c0a8d6527f59da4701c80aef65eff854906546dce286249813c""}",not_applicable_dataset_contract,dataset_identity_target_mapping_and_observed_support,not_applicable_or_resolved_by_source_contract,not_applicable_observed_support,external_replication/target_support.csv,43aca823f6703b7f86c0d6d18c695697c751ebb998beabf8e16621d831870ab9,target_support,1,,,,,,,,,,PerformanceScore,,,,,,,,,,,,,cb19996755c93c0a8d6527f59da4701c80aef65eff854906546dce286249813c,65c40fecc75235f57209cff6231d7386e4279ebedca9390f53ad2bb67ae63788,e19679afb4f91f2d9e4ba03463829e3507042c3099d6a7ac1ca3b73837309205,e08625831afd057d1102d0fc42e06d56c9cd51a5632d04780aafe880888d78e5,2bf06c3044af28029419b70e6eeb026281de57582f0bb2e1126a2c0909983c81,raw,Exceeds,37.0,0.1189710610932476,311.0
canonical_v2_20260714T221501Z_483f96f,51415c2ce68c89d9ce2b042b0a7a811fe3e98180b72460006f9d0465f6bf49b7,06c507bee525ea1daca43b61249764007d4d8baaa05c9333f23446ea723ce160,f1e358e99914563305428cece1b1595bc76a58643184407ec5b222162d650332,98ae57b622a56983192975c5bff94374ed51322f13c76af633c3c96ceb198cdd,dataset_roles_target_mappings_support,"{""dataset_sha256"":""cb19996755c93c0a8d6527f59da4701c80aef65eff854906546dce286249813c""}",not_applicable_dataset_contract,dataset_identity_target_mapping_and_observed_support,not_applicable_or_resolved_by_source_contract,not_applicable_observed_support,external_replication/target_support.csv,43aca823f6703b7f86c0d6d18c695697c751ebb998beabf8e16621d831870ab9,target_support,2,,,,,,,,,,PerformanceScore,,,,,,,,,,,,,cb19996755c93c0a8d6527f59da4701c80aef65eff854906546dce286249813c,65c40fecc75235f57209cff6231d7386e4279ebedca9390f53ad2bb67ae63788,e19679afb4f91f2d9e4ba03463829e3507042c3099d6a7ac1ca3b73837309205,e08625831afd057d1102d0fc42e06d56c9cd51a5632d04780aafe880888d78e5,2bf06c3044af28029419b70e6eeb026281de57582f0bb2e1126a2c0909983c81,raw,Fully Meets,243.0,0.7813504823151125,311.0
canonical_v2_20260714T221501Z_483f96f,51415c2ce68c89d9ce2b042b0a7a811fe3e98180b72460006f9d0465f6bf49b7,06c507bee525ea1daca43b61249764007d4d8baaa05c9333f23446ea723ce160,f1e358e99914563305428cece1b1595bc76a58643184407ec5b222162d650332,98ae57b622a56983192975c5bff94374ed51322f13c76af633c3c96ceb198cdd,dataset_roles_target_mappings_support,"{""dataset_sha256"":""cb19996755c93c0a8d6527f59da4701c80aef65eff854906546dce286249813c""}",not_applicable_dataset_contract,dataset_identity_target_mapping_and_observed_support,not_applicable_or_resolved_by_source_contract,not_applicable_observed_support,external_replication/target_support.csv,43aca823f6703b7f86c0d6d18c695697c751ebb998beabf8e16621d831870ab9,target_support,3,,,,,,,,,,PerformanceScore,,,,,,,,,,,,,cb19996755c93c0a8d6527f59da4701c80aef65eff854906546dce286249813c,65c40fecc75235f57209cff6231d7386e4279ebedca9390f53ad2bb67ae63788,e19679afb4f91f2d9e4ba03463829e3507042c3099d6a7ac1ca3b73837309205,e08625831afd057d1102d0fc42e06d56c9cd51a5632d04780aafe880888d78e5,2bf06c3044af28029419b70e6eeb026281de57582f0bb2e1126a2c0909983c81,raw,Needs Improvement,18.0,0.0578778135048231,311.0
canonical_v2_20260714T221501Z_483f96f,51415c2ce68c89d9ce2b042b0a7a811fe3e98180b72460006f9d0465f6bf49b7,06c507bee525ea1daca43b61249764007d4d8baaa05c9333f23446ea723ce160,f1e358e99914563305428cece1b1595bc76a58643184407ec5b222162d650332,98ae57b622a56983192975c5bff94374ed51322f13c76af633c3c96ceb198cdd,dataset_roles_target_mappings_support,"{""dataset_sha256"":""cb19996755c93c0a8d6527f59da4701c80aef65eff854906546dce286249813c""}",not_applicable_dataset_contract,dataset_identity_target_mapping_and_observed_support,not_applicable_or_resolved_by_source_contract,not_applicable_observed_support,external_replication/target_support.csv,43aca823f6703b7f86c0d6d18c695697c751ebb998beabf8e16621d831870ab9,target_support,4,,,,,,,,,,PerformanceScore,,,,,,,,,,,,,cb19996755c93c0a8d6527f59da4701c80aef65eff854906546dce286249813c,65c40fecc75235f57209cff6231d7386e4279ebedca9390f53ad2bb67ae63788,e19679afb4f91f2d9e4ba03463829e3507042c3099d6a7ac1ca3b73837309205,e08625831afd057d1102d0fc42e06d56c9cd51a5632d04780aafe880888d78e5,2bf06c3044af28029419b70e6eeb026281de57582f0bb2e1126a2c0909983c81,raw,PIP,13.0,0.0418006430868167,311.0
canonical_v2_20260714T221501Z_483f96f,51415c2ce68c89d9ce2b042b0a7a811fe3e98180b72460006f9d0465f6bf49b7,06c507bee525ea1daca43b61249764007d4d8baaa05c9333f23446ea723ce160,f1e358e99914563305428cece1b1595bc76a58643184407ec5b222162d650332,98ae57b622a56983192975c5bff94374ed51322f13c76af633c3c96ceb198cdd,dataset_roles_target_mappings_support,"{""dataset_sha256"":""cb19996755c93c0a8d6527f59da4701c80aef65eff854906546dce286249813c""}",not_applicable_dataset_contract,dataset_identity_target_mapping_and_observed_support,not_applicable_or_resolved_by_source_contract,not_applicable_observed_support,external_replication/target_support.csv,43aca823f6703b7f86c0d6d18c695697c751ebb998beabf8e16621d831870ab9,target_support,5,,,,,,,,,,PerformanceRating,,,,,,,,,,,,,cb19996755c93c0a8d6527f59da4701c80aef65eff854906546dce286249813c,65c40fecc75235f57209cff6231d7386e4279ebedca9390f53ad2bb67ae63788,e19679afb4f91f2d9e4ba03463829e3507042c3099d6a7ac1ca3b73837309205,e08625831afd057d1102d0fc42e06d56c9cd51a5632d04780aafe880888d78e5,2bf06c3044af28029419b70e6eeb026281de57582f0bb2e1126a2c0909983c81,mapped,2,31.0,0.0996784565916398,311.0
canonical_v2_20260714T221501Z_483f96f,51415c2ce68c89d9ce2b042b0a7a811fe3e98180b72460006f9d0465f6bf49b7,06c507bee525ea1daca43b61249764007d4d8baaa05c9333f23446ea723ce160,f1e358e99914563305428cece1b1595bc76a58643184407ec5b222162d650332,98ae57b622a56983192975c5bff94374ed51322f13c76af633c3c96ceb198cdd,dataset_roles_target_mappings_support,"{""dataset_sha256"":""cb19996755c93c0a8d6527f59da4701c80aef65eff854906546dce286249813c""}",not_applicable_dataset_contract,dataset_identity_target_mapping_and_observed_support,not_applicable_or_resolved_by_source_contract,not_applicable_observed_support,external_replication/target_support.csv,43aca823f6703b7f86c0d6d18c695697c751ebb998beabf8e16621d831870ab9,target_support,6,,,,,,,,,,PerformanceRating,,,,,,,,,,,,,cb19996755c93c0a8d6527f59da4701c80aef65eff854906546dce286249813c,65c40fecc75235f57209cff6231d7386e4279ebedca9390f53ad2bb67ae63788,e19679afb4f91f2d9e4ba03463829e3507042c3099d6a7ac1ca3b73837309205,e08625831afd057d1102d0fc42e06d56c9cd51a5632d04780aafe880888d78e5,2bf06c3044af28029419b70e6eeb026281de57582f0bb2e1126a2c0909983c81,mapped,3,243.0,0.7813504823151125,311.0
canonical_v2_20260714T221501Z_483f96f,51415c2ce68c89d9ce2b042b0a7a811fe3e98180b72460006f9d0465f6bf49b7,06c507bee525ea1daca43b61249764007d4d8baaa05c9333f23446ea723ce160,f1e358e99914563305428cece1b1595bc76a58643184407ec5b222162d650332,98ae57b622a56983192975c5bff94374ed51322f13c76af633c3c96ceb198cdd,dataset_roles_target_mappings_support,"{""dataset_sha256"":""cb19996755c93c0a8d6527f59da4701c80aef65eff854906546dce286249813c""}",not_applicable_dataset_contract,dataset_identity_target_mapping_and_observed_support,not_applicable_or_resolved_by_source_contract,not_applicable_observed_support,external_replication/target_support.csv,43aca823f6703b7f86c0d6d18c695697c751ebb998beabf8e16621d831870ab9,target_support,7,,,,,,,,,,PerformanceRating,,,,,,,,,,,,,cb19996755c93c0a8d6527f59da4701c80aef65eff854906546dce286249813c,65c40fecc75235f57209cff6231d7386e4279ebedca9390f53ad2bb67ae63788,e19679afb4f91f2d9e4ba03463829e3507042c3099d6a7ac1ca3b73837309205,e08625831afd057d1102d0fc42e06d56c9cd51a5632d04780aafe880888d78e5,2bf06c3044af28029419b70e6eeb026281de57582f0bb2e1126a2c0909983c81,mapped,4,37.0,0.1189710610932476,311.0
