run_id,config_hash,dataset_key,task_type,task_comparison_group,role,policy,feature_set,model,fold,n_test,accuracy,balanced_accuracy,macro_f1,weighted_f1,macro_precision,weighted_precision,macro_recall,weighted_recall,adjacent_accuracy,severe_error_rate,quadratic_weighted_kappa,ordinal_mae,nll_log_loss,ece_confidence,binary_brier,roc_auc,average_precision,multiclass_brier
manuscript_final_20260712T181754Z_c664ef152ff3,c664ef152ff3a9eef89c53a403b9c2e6f677340bea0307b02d97d07cc54bdfc3,ibm_attrition,binary_attrition_transfer,related_binary_task_transfer,related HR attrition task transfer,department_including,department_including,xgboost,1,147,0.8367346938775511,0.600609756097561,0.6201550387596899,0.8133206771080524,0.6833333333333333,0.8068027210884354,0.600609756097561,0.8367346938775511,,,,,0.4274682441605489,0.08785304642885497,0.12406330042485052,0.7381436314363143,0.44932523378005057,
manuscript_final_20260712T181754Z_c664ef152ff3,c664ef152ff3a9eef89c53a403b9c2e6f677340bea0307b02d97d07cc54bdfc3,ibm_attrition,binary_attrition_transfer,related_binary_task_transfer,related HR attrition task transfer,department_including,department_including,xgboost,2,147,0.8367346938775511,0.5670731707317074,0.5791984732824427,0.8009035675338837,0.6780575539568345,0.7979738658053149,0.5670731707317074,0.8367346938775511,,,,,0.37176852564853585,0.06639274752245117,0.10426392124462645,0.7953929539295391,0.5552919160479745,
manuscript_final_20260712T181754Z_c664ef152ff3,c664ef152ff3a9eef89c53a403b9c2e6f677340bea0307b02d97d07cc54bdfc3,ibm_attrition,binary_attrition_transfer,related_binary_task_transfer,related HR attrition task transfer,department_including,department_including,xgboost,3,147,0.8639455782312925,0.6504065040650406,0.6834625322997416,0.8444338975900437,0.7740740740740741,0.8464096749811036,0.6504065040650406,0.8639455782312925,,,,,0.3757221510850721,0.06820012318301202,0.11034383217627547,0.8167344173441735,0.5390028883123487,
manuscript_final_20260712T181754Z_c664ef152ff3,c664ef152ff3a9eef89c53a403b9c2e6f677340bea0307b02d97d07cc54bdfc3,ibm_attrition,binary_attrition_transfer,related_binary_task_transfer,related HR attrition task transfer,department_including,department_including,xgboost,4,147,0.8707482993197279,0.671239837398374,0.7062782626984963,0.8543012956576047,0.7901836969001148,0.8561001897888891,0.671239837398374,0.8707482993197279,,,,,0.33068590504931117,0.06827874013612562,0.09667017282774072,0.8282520325203252,0.6268215719874086,
manuscript_final_20260712T181754Z_c664ef152ff3,c664ef152ff3a9eef89c53a403b9c2e6f677340bea0307b02d97d07cc54bdfc3,ibm_attrition,binary_attrition_transfer,related_binary_task_transfer,related HR attrition task transfer,department_including,department_including,xgboost,5,147,0.8775510204081632,0.625,0.6659090909090909,0.8449907235621522,0.9361702127659575,0.8931828050369085,0.625,0.8775510204081632,,,,,0.31963040405048343,0.04039334668521787,0.09448801439727673,0.8573848238482384,0.6563981489420808,
manuscript_final_20260712T181754Z_c664ef152ff3,c664ef152ff3a9eef89c53a403b9c2e6f677340bea0307b02d97d07cc54bdfc3,ibm_attrition,binary_attrition_transfer,related_binary_task_transfer,related HR attrition task transfer,department_including,department_including,xgboost,6,147,0.8775510204081632,0.6585365853658537,0.7006787330316742,0.8556376396712531,0.8416058394160584,0.8696260986146284,0.6585365853658537,0.8775510204081632,,,,,0.352752198029547,0.07098571705965355,0.10241639333017892,0.8123306233062331,0.5817821226484137,
manuscript_final_20260712T181754Z_c664ef152ff3,c664ef152ff3a9eef89c53a403b9c2e6f677340bea0307b02d97d07cc54bdfc3,ibm_attrition,binary_attrition_transfer,related_binary_task_transfer,related HR attrition task transfer,department_including,department_including,xgboost,7,147,0.8775510204081632,0.6920731707317074,0.728001644736842,0.8638308941997852,0.8045112781954887,0.8652754334816634,0.6920731707317074,0.8775510204081632,,,,,0.28704030483151044,0.025143253436313788,0.08797185930046025,0.888550135501355,0.6664205206732816,
manuscript_final_20260712T181754Z_c664ef152ff3,c664ef152ff3a9eef89c53a403b9c2e6f677340bea0307b02d97d07cc54bdfc3,ibm_attrition,binary_attrition_transfer,related_binary_task_transfer,related HR attrition task transfer,department_including,department_including,xgboost,8,147,0.8707482993197279,0.6223702664796634,0.6574267140929719,0.8431636115748887,0.8138489208633093,0.8577179073068076,0.6223702664796634,0.8707482993197279,,,,,0.37454610530120425,0.06456000281348771,0.10329610322869542,0.7759467040673212,0.5409288305864179,
manuscript_final_20260712T181754Z_c664ef152ff3,c664ef152ff3a9eef89c53a403b9c2e6f677340bea0307b02d97d07cc54bdfc3,ibm_attrition,binary_attrition_transfer,related_binary_task_transfer,related HR attrition task transfer,department_including,department_including,xgboost,9,147,0.8775510204081632,0.6618162692847125,0.7006787330316742,0.858768122633669,0.8084893048128342,0.86429117101386,0.6618162692847125,0.8775510204081632,,,,,0.33581901135552256,0.039702899474909986,0.09659746106740233,0.8190743338008416,0.5787203429984983,
manuscript_final_20260712T181754Z_c664ef152ff3,c664ef152ff3a9eef89c53a403b9c2e6f677340bea0307b02d97d07cc54bdfc3,ibm_attrition,binary_attrition_transfer,related_binary_task_transfer,related HR attrition task transfer,department_including,department_including,xgboost,10,147,0.8571428571428571,0.6143057503506312,0.6415882967607105,0.8325620739413843,0.737956204379562,0.8327424400417102,0.6143057503506312,0.8571428571428571,,,,,0.43114179999128033,0.06432495090842957,0.11339869091383928,0.7300140252454418,0.467472995436212,
manuscript_final_20260712T181754Z_c664ef152ff3,c664ef152ff3a9eef89c53a403b9c2e6f677340bea0307b02d97d07cc54bdfc3,ibm_attrition,binary_attrition_transfer,related_binary_task_transfer,related HR attrition task transfer,department_free,department_free,xgboost,1,147,0.8435374149659864,0.6046747967479675,0.6270270270270271,0.8184067449373572,0.7065508021390374,0.815044199497981,0.6046747967479675,0.8435374149659864,,,,,0.42509515345043547,0.06274298806536041,0.12407396638074707,0.744579945799458,0.432614677928854,
manuscript_final_20260712T181754Z_c664ef152ff3,c664ef152ff3a9eef89c53a403b9c2e6f677340bea0307b02d97d07cc54bdfc3,ibm_attrition,binary_attrition_transfer,related_binary_task_transfer,related HR attrition task transfer,department_free,department_free,xgboost,2,147,0.8367346938775511,0.5670731707317074,0.5791984732824427,0.8009035675338837,0.6780575539568345,0.7979738658053149,0.5670731707317074,0.8367346938775511,,,,,0.3698808352091303,0.0653620318910132,0.10420299755555626,0.8014905149051491,0.5459404815811271,
manuscript_final_20260712T181754Z_c664ef152ff3,c664ef152ff3a9eef89c53a403b9c2e6f677340bea0307b02d97d07cc54bdfc3,ibm_attrition,binary_attrition_transfer,related_binary_task_transfer,related HR attrition task transfer,department_free,department_free,xgboost,3,147,0.8571428571428571,0.6295731707317074,0.6594594594594595,0.8341974627688913,0.7556818181818181,0.8360389610389611,0.6295731707317074,0.8571428571428571,,,,,0.38959192180597557,0.06828160374612194,0.11344263933134385,0.7987804878048781,0.5135189832075108,
manuscript_final_20260712T181754Z_c664ef152ff3,c664ef152ff3a9eef89c53a403b9c2e6f677340bea0307b02d97d07cc54bdfc3,ibm_attrition,binary_attrition_transfer,related_binary_task_transfer,related HR attrition task transfer,department_free,department_free,xgboost,4,147,0.8775510204081632,0.6920731707317074,0.728001644736842,0.8638308941997852,0.8045112781954887,0.8652754334816634,0.6920731707317074,0.8775510204081632,,,,,0.3256613481122422,0.04695122535844679,0.09375161380647205,0.8309620596205961,0.6440131588713016,
manuscript_final_20260712T181754Z_c664ef152ff3,c664ef152ff3a9eef89c53a403b9c2e6f677340bea0307b02d97d07cc54bdfc3,ibm_attrition,binary_attrition_transfer,related_binary_task_transfer,related HR attrition task transfer,department_free,department_free,xgboost,5,147,0.8775510204081632,0.6417682926829268,0.6843988549618321,0.8506776756504129,0.8763489208633093,0.8772573777712523,0.6417682926829268,0.8775510204081632,,,,,0.30848487293599286,0.046353164035740094,0.09121079512096626,0.8689024390243902,0.6801958436073198,
manuscript_final_20260712T181754Z_c664ef152ff3,c664ef152ff3a9eef89c53a403b9c2e6f677340bea0307b02d97d07cc54bdfc3,ibm_attrition,binary_attrition_transfer,related_binary_task_transfer,related HR attrition task transfer,department_free,department_free,xgboost,6,147,0.8639455782312925,0.6336382113821138,0.6674208144796381,0.8395973774125035,0.787956204379562,0.8471920154923284,0.6336382113821138,0.8639455782312925,,,,,0.3678505521111892,0.09318365866660111,0.10713682603988141,0.7923441734417345,0.5429148652198983,
manuscript_final_20260712T181754Z_c664ef152ff3,c664ef152ff3a9eef89c53a403b9c2e6f677340bea0307b02d97d07cc54bdfc3,ibm_attrition,binary_attrition_transfer,related_binary_task_transfer,related HR attrition task transfer,department_free,department_free,xgboost,7,147,0.8775510204081632,0.6920731707317074,0.728001644736842,0.8638308941997852,0.8045112781954887,0.8652754334816634,0.6920731707317074,0.8775510204081632,,,,,0.29274606747907156,0.0572769172615786,0.08832694673045358,0.8794037940379403,0.6716271831411244,
manuscript_final_20260712T181754Z_c664ef152ff3,c664ef152ff3a9eef89c53a403b9c2e6f677340bea0307b02d97d07cc54bdfc3,ibm_attrition,binary_attrition_transfer,related_binary_task_transfer,related HR attrition task transfer,department_free,department_free,xgboost,8,147,0.8707482993197279,0.604663394109397,0.6365647364996747,0.8370099894219236,0.8528368794326242,0.8662372750518648,0.604663394109397,0.8707482993197279,,,,,0.37813472959714156,0.059222589217235,0.10327343380510358,0.7738429172510519,0.5462260460485728,
manuscript_final_20260712T181754Z_c664ef152ff3,c664ef152ff3a9eef89c53a403b9c2e6f677340bea0307b02d97d07cc54bdfc3,ibm_attrition,binary_attrition_transfer,related_binary_task_transfer,related HR attrition task transfer,department_free,department_free,xgboost,9,147,0.8707482993197279,0.6223702664796634,0.6574267140929719,0.8431636115748887,0.8138489208633093,0.8577179073068076,0.6223702664796634,0.8707482993197279,,,,,0.32462798019729994,0.024054430309532387,0.09522099648839648,0.8285413744740533,0.5948421220744101,
manuscript_final_20260712T181754Z_c664ef152ff3,c664ef152ff3a9eef89c53a403b9c2e6f677340bea0307b02d97d07cc54bdfc3,ibm_attrition,binary_attrition_transfer,related_binary_task_transfer,related HR attrition task transfer,department_free,department_free,xgboost,10,147,0.8639455782312925,0.6360448807854138,0.6674208144796381,0.8430756918151876,0.7593582887700534,0.8438648186547346,0.6360448807854138,0.8639455782312925,,,,,0.4290232154020643,0.06985047988748742,0.11265525371702616,0.7317671809256663,0.4690801505267185,
manuscript_final_20260712T181754Z_c664ef152ff3,c664ef152ff3a9eef89c53a403b9c2e6f677340bea0307b02d97d07cc54bdfc3,ibm_attrition,binary_attrition_transfer,related_binary_task_transfer,related HR attrition task transfer,department_job_role_free,department_job_role_free,xgboost,1,147,0.8435374149659864,0.6717479674796748,0.6867414064671546,0.8359991453266195,0.708470394736842,0.8311459452201934,0.6717479674796748,0.8435374149659864,,,,,0.4026967331587024,0.05542289251572679,0.11764423341657401,0.77710027100271,0.5189044841337622,
manuscript_final_20260712T181754Z_c664ef152ff3,c664ef152ff3a9eef89c53a403b9c2e6f677340bea0307b02d97d07cc54bdfc3,ibm_attrition,binary_attrition_transfer,related_binary_task_transfer,related HR attrition task transfer,department_job_role_free,department_job_role_free,xgboost,2,147,0.8503401360544217,0.6422764227642276,0.6675575657894737,0.8335710929108485,0.7255639097744361,0.829369341721651,0.6422764227642276,0.8503401360544217,,,,,0.38752082528681686,0.059768576640060106,0.10807240085294949,0.7649051490514904,0.5574087857606355,
manuscript_final_20260712T181754Z_c664ef152ff3,c664ef152ff3a9eef89c53a403b9c2e6f677340bea0307b02d97d07cc54bdfc3,ibm_attrition,binary_attrition_transfer,related_binary_task_transfer,related HR attrition task transfer,department_job_role_free,department_job_role_free,xgboost,3,147,0.8435374149659864,0.654979674796748,0.6740576496674058,0.8323453549934385,0.7070135746606334,0.8266229568750577,0.654979674796748,0.8435374149659864,,,,,0.44425995147826447,0.0714895732005833,0.12583709442411536,0.7350948509485096,0.41906067086251225,
manuscript_final_20260712T181754Z_c664ef152ff3,c664ef152ff3a9eef89c53a403b9c2e6f677340bea0307b02d97d07cc54bdfc3,ibm_attrition,binary_attrition_transfer,related_binary_task_transfer,related HR attrition task transfer,department_job_role_free,department_job_role_free,xgboost,4,147,0.891156462585034,0.7505081300813008,0.7777777777777778,0.8846776805960479,0.8184754521963824,0.8832990560565311,0.7505081300813008,0.891156462585034,,,,,0.3107706778691303,0.0473102533032708,0.08831304362760234,0.8418021680216803,0.6872501151496866,
manuscript_final_20260712T181754Z_c664ef152ff3,c664ef152ff3a9eef89c53a403b9c2e6f677340bea0307b02d97d07cc54bdfc3,ibm_attrition,binary_attrition_transfer,related_binary_task_transfer,related HR attrition task transfer,department_job_role_free,department_job_role_free,xgboost,5,147,0.8775510204081632,0.625,0.6659090909090909,0.8449907235621522,0.9361702127659575,0.8931828050369085,0.625,0.8775510204081632,,,,,0.33751664071637527,0.0508759053603048,0.09771063594356373,0.8170731707317074,0.6177876086912748,
manuscript_final_20260712T181754Z_c664ef152ff3,c664ef152ff3a9eef89c53a403b9c2e6f677340bea0307b02d97d07cc54bdfc3,ibm_attrition,binary_attrition_transfer,related_binary_task_transfer,related HR attrition task transfer,department_job_role_free,department_job_role_free,xgboost,6,147,0.8299319727891157,0.5630081300813008,0.5733194009056077,0.7961671606991804,0.6497584541062802,0.7880311544907819,0.5630081300813008,0.8299319727891157,,,,,0.393667775570531,0.06708471757733322,0.12473340017057033,0.7889566395663956,0.43210016208775576,
manuscript_final_20260712T181754Z_c664ef152ff3,c664ef152ff3a9eef89c53a403b9c2e6f677340bea0307b02d97d07cc54bdfc3,ibm_attrition,binary_attrition_transfer,related_binary_task_transfer,related HR attrition task transfer,department_job_role_free,department_job_role_free,xgboost,7,147,0.8571428571428571,0.6463414634146342,0.6753601850878115,0.8389645899373526,0.7479908151549943,0.837297031326882,0.6463414634146342,0.8571428571428571,,,,,0.3188590681836085,0.037677478462208716,0.09938967680358236,0.8594173441734417,0.6055332123371456,
manuscript_final_20260712T181754Z_c664ef152ff3,c664ef152ff3a9eef89c53a403b9c2e6f677340bea0307b02d97d07cc54bdfc3,ibm_attrition,binary_attrition_transfer,related_binary_task_transfer,related HR attrition task transfer,department_job_role_free,department_job_role_free,xgboost,8,147,0.8775510204081632,0.644109396914446,0.6843988549618321,0.8540368437451316,0.8309178743961353,0.8674290972427618,0.644109396914446,0.8775510204081632,,,,,0.3676546312390248,0.05221941662210865,0.09922015148388996,0.7762973352033661,0.5672579653485794,
manuscript_final_20260712T181754Z_c664ef152ff3,c664ef152ff3a9eef89c53a403b9c2e6f677340bea0307b02d97d07cc54bdfc3,ibm_attrition,binary_attrition_transfer,related_binary_task_transfer,related HR attrition task transfer,department_job_role_free,department_job_role_free,xgboost,9,147,0.8979591836734694,0.6916199158485273,0.7439916405433646,0.880401481386703,0.8989051094890511,0.8981528377774468,0.6916199158485273,0.8979591836734694,,,,,0.3344455702117354,0.0593075410015768,0.09094028489923642,0.8043478260869565,0.642327273750162,
manuscript_final_20260712T181754Z_c664ef152ff3,c664ef152ff3a9eef89c53a403b9c2e6f677340bea0307b02d97d07cc54bdfc3,ibm_attrition,binary_attrition_transfer,related_binary_task_transfer,related HR attrition task transfer,department_job_role_free,department_job_role_free,xgboost,10,147,0.8571428571428571,0.6497194950911641,0.6753601850878115,0.8422697294292625,0.7293233082706767,0.8378088077336197,0.6497194950911641,0.8571428571428571,,,,,0.4120284456071116,0.060981842041115036,0.11373226108316208,0.7454417952314165,0.5084785706644908,
