run_id,config_hash,policy,role,audit_only,model,fold,n_train,n_test,n_features,excluded_features,accuracy,balanced_accuracy,macro_f1,weighted_f1,macro_precision,weighted_precision,macro_recall,weighted_recall,ordinal_mae,adjacent_accuracy,severe_error_rate,quadratic_weighted_kappa,nll_log_loss,ece_confidence,multiclass_brier,roc_auc,average_precision,binary_brier
manuscript_final_20260712T175251Z_c664ef152ff3,c664ef152ff3a9eef89c53a403b9c2e6f677340bea0307b02d97d07cc54bdfc3,full_feature_upper_bound,diagnostic_upper_bound_never_deployable,True,xgboost,1,1080,120,26,EmpNumber;PerformanceRating,0.9833333333333333,0.9924242424242425,0.9795019157088123,0.983654214559387,0.9682539682539683,0.9849206349206349,0.9924242424242425,0.9833333333333333,0.016666666666666666,1.0,0.0,0.9693251533742331,0.11493574566355859,0.03921371102333068,0.0526318760384906,,,
manuscript_final_20260712T175251Z_c664ef152ff3,c664ef152ff3a9eef89c53a403b9c2e6f677340bea0307b02d97d07cc54bdfc3,full_feature_upper_bound,diagnostic_upper_bound_never_deployable,True,xgboost,2,1080,120,26,EmpNumber;PerformanceRating,0.9416666666666667,0.9022665930560668,0.9163045052875561,0.9416711936839056,0.9350187265917603,0.9432911985018727,0.9022665930560668,0.9416666666666667,0.058333333333333334,1.0,0.0,0.8872785829307568,0.1775543889811552,0.024841821193695053,0.08880936166254629,,,
manuscript_final_20260712T175251Z_c664ef152ff3,c664ef152ff3a9eef89c53a403b9c2e6f677340bea0307b02d97d07cc54bdfc3,full_feature_upper_bound,diagnostic_upper_bound_never_deployable,True,xgboost,3,1080,120,26,EmpNumber;PerformanceRating,0.95,0.8979573058520427,0.9196447584332293,0.9489709769143087,0.9518518518518518,0.9515740740740741,0.8979573058520427,0.95,0.05,1.0,0.0,0.9016393442622951,0.18754276500704117,0.0357834354043007,0.09158639196995971,,,
manuscript_final_20260712T175251Z_c664ef152ff3,c664ef152ff3a9eef89c53a403b9c2e6f677340bea0307b02d97d07cc54bdfc3,full_feature_upper_bound,diagnostic_upper_bound_never_deployable,True,xgboost,4,1080,120,26,EmpNumber;PerformanceRating,0.8833333333333333,0.8619954606796711,0.8379690902852182,0.8854922515633424,0.8178210678210678,0.8899531024531023,0.8619954606796711,0.8833333333333333,0.11666666666666667,1.0,0.0,0.7916666666666667,0.28005069895308715,0.065315360824267,0.1712562748571396,,,
manuscript_final_20260712T175251Z_c664ef152ff3,c664ef152ff3a9eef89c53a403b9c2e6f677340bea0307b02d97d07cc54bdfc3,full_feature_upper_bound,diagnostic_upper_bound_never_deployable,True,xgboost,5,1080,120,26,EmpNumber;PerformanceRating,0.925,0.858179932590096,0.8792929292929293,0.9238510101010101,0.9177813447476368,0.9291109327626181,0.858179932590096,0.925,0.08333333333333333,0.9916666666666667,0.008333333333333333,0.809775429326288,0.24054066251541664,0.040586315592130086,0.128493455411769,,,
manuscript_final_20260712T175251Z_c664ef152ff3,c664ef152ff3a9eef89c53a403b9c2e6f677340bea0307b02d97d07cc54bdfc3,full_feature_upper_bound,diagnostic_upper_bound_never_deployable,True,xgboost,6,1080,120,26,EmpNumber;PerformanceRating,0.925,0.8781580387750987,0.8833922782198643,0.9249679487179487,0.8934044882320743,0.9267857142857142,0.8781580387750987,0.925,0.08333333333333333,0.9916666666666667,0.008333333333333333,0.8160919540229885,0.22860260187052142,0.04277702271938323,0.12420046389302405,,,
manuscript_final_20260712T175251Z_c664ef152ff3,c664ef152ff3a9eef89c53a403b9c2e6f677340bea0307b02d97d07cc54bdfc3,full_feature_upper_bound,diagnostic_upper_bound_never_deployable,True,xgboost,7,1080,120,26,EmpNumber;PerformanceRating,0.9333333333333333,0.891084585912172,0.9024363787098698,0.9331563869228177,0.926703315009162,0.9376811594202898,0.891084585912172,0.9333333333333333,0.06666666666666667,1.0,0.0,0.8759369346084259,0.16566916005277327,0.0314651414752007,0.09989551572021624,,,
manuscript_final_20260712T175251Z_c664ef152ff3,c664ef152ff3a9eef89c53a403b9c2e6f677340bea0307b02d97d07cc54bdfc3,full_feature_upper_bound,diagnostic_upper_bound_never_deployable,True,xgboost,8,1080,120,26,EmpNumber;PerformanceRating,0.9333333333333333,0.8743884468022399,0.8999736815467152,0.931893207814556,0.9306363571069453,0.933366102851397,0.8743884468022399,0.9333333333333333,0.06666666666666667,1.0,0.0,0.869742198100407,0.20628133710515204,0.03249881118535994,0.10575985253714845,,,
manuscript_final_20260712T175251Z_c664ef152ff3,c664ef152ff3a9eef89c53a403b9c2e6f677340bea0307b02d97d07cc54bdfc3,full_feature_upper_bound,diagnostic_upper_bound_never_deployable,True,xgboost,9,1080,120,26,EmpNumber;PerformanceRating,0.9333333333333333,0.8743884468022399,0.904609369866614,0.9320721630856166,0.9409849409849409,0.9336792836792837,0.8743884468022399,0.9333333333333333,0.06666666666666667,1.0,0.0,0.8692454372105693,0.23257156863373876,0.05312145948410041,0.12177962276448877,,,
manuscript_final_20260712T175251Z_c664ef152ff3,c664ef152ff3a9eef89c53a403b9c2e6f677340bea0307b02d97d07cc54bdfc3,full_feature_upper_bound,diagnostic_upper_bound_never_deployable,True,xgboost,10,1080,120,26,EmpNumber;PerformanceRating,0.95,0.9077217801355734,0.9275252525252525,0.9495896464646465,0.951685393258427,0.9507490636704119,0.9077217801355734,0.95,0.05,1.0,0.0,0.9046862589356632,0.19455411470989445,0.032440513869126664,0.09934536636518539,,,
manuscript_final_20260712T175251Z_c664ef152ff3,c664ef152ff3a9eef89c53a403b9c2e6f677340bea0307b02d97d07cc54bdfc3,no_salary_hike,leakage_ablation_non_primary,True,xgboost,1,1080,120,25,EmpNumber;PerformanceRating;EmpLastSalaryHikePercent,0.875,0.6590909090909091,0.6232620320855614,0.8249264705882352,0.5911495911495912,0.7802910052910053,0.6590909090909091,0.875,0.125,1.0,0.0,0.7053045186640472,0.41647184493528316,0.04764978438615801,0.22138461881603322,,,
manuscript_final_20260712T175251Z_c664ef152ff3,c664ef152ff3a9eef89c53a403b9c2e6f677340bea0307b02d97d07cc54bdfc3,no_salary_hike,leakage_ablation_non_primary,True,xgboost,2,1080,120,25,EmpNumber;PerformanceRating;EmpLastSalaryHikePercent,0.85,0.6202153110047847,0.5996640537513999,0.8047872340425533,0.5815789473684211,0.765,0.6202153110047847,0.85,0.15,1.0,0.0,0.6414342629482073,0.463208879644671,0.08747995222608242,0.2537366233475522,,,
manuscript_final_20260712T175251Z_c664ef152ff3,c664ef152ff3a9eef89c53a403b9c2e6f677340bea0307b02d97d07cc54bdfc3,no_salary_hike,leakage_ablation_non_primary,True,xgboost,3,1080,120,25,EmpNumber;PerformanceRating;EmpLastSalaryHikePercent,0.8666666666666667,0.6634001962949331,0.6522785458269329,0.8282270865335382,0.9081632653061225,0.8801020408163266,0.6634001962949331,0.8666666666666667,0.13333333333333333,1.0,0.0,0.6923076923076923,0.43721344160808634,0.08252666170398394,0.23131308562666472,,,
manuscript_final_20260712T175251Z_c664ef152ff3,c664ef152ff3a9eef89c53a403b9c2e6f677340bea0307b02d97d07cc54bdfc3,no_salary_hike,leakage_ablation_non_primary,True,xgboost,4,1080,120,25,EmpNumber;PerformanceRating;EmpLastSalaryHikePercent,0.825,0.5950956937799043,0.5625668449197861,0.7776470588235295,0.5334295334295334,0.7354497354497355,0.5950956937799043,0.825,0.175,1.0,0.0,0.5874263261296659,0.5136007765941943,0.07907656778891883,0.28934209349681833,,,
manuscript_final_20260712T175251Z_c664ef152ff3,c664ef152ff3a9eef89c53a403b9c2e6f677340bea0307b02d97d07cc54bdfc3,no_salary_hike,leakage_ablation_non_primary,True,xgboost,5,1080,120,25,EmpNumber;PerformanceRating;EmpLastSalaryHikePercent,0.85,0.6239161121193789,0.5936285936285937,0.7971250971250972,0.5666666666666667,0.7508333333333332,0.6239161121193789,0.85,0.15833333333333333,0.9916666666666667,0.008333333333333333,0.5909090909090909,0.46436970205697026,0.08954241126775749,0.26559817551106196,,,
manuscript_final_20260712T175251Z_c664ef152ff3,c664ef152ff3a9eef89c53a403b9c2e6f677340bea0307b02d97d07cc54bdfc3,no_salary_hike,leakage_ablation_non_primary,True,xgboost,6,1080,120,25,EmpNumber;PerformanceRating;EmpLastSalaryHikePercent,0.85,0.6376285541439807,0.5953856295319709,0.7974027686222809,0.5584415584415584,0.750974025974026,0.6376285541439807,0.85,0.15833333333333333,0.9916666666666667,0.008333333333333333,0.6050156739811913,0.47335781007325345,0.07798627763986585,0.2701613705198453,,,
manuscript_final_20260712T175251Z_c664ef152ff3,c664ef152ff3a9eef89c53a403b9c2e6f677340bea0307b02d97d07cc54bdfc3,no_salary_hike,leakage_ablation_non_primary,True,xgboost,7,1080,120,25,EmpNumber;PerformanceRating;EmpLastSalaryHikePercent,0.8666666666666667,0.6423371647509578,0.6136025876387796,0.8171059533175977,0.5877825877825877,0.7732683982683982,0.6423371647509578,0.8666666666666667,0.13333333333333333,1.0,0.0,0.6896217264791464,0.42515365238509056,0.07407041117548942,0.23736413536745007,,,
manuscript_final_20260712T175251Z_c664ef152ff3,c664ef152ff3a9eef89c53a403b9c2e6f677340bea0307b02d97d07cc54bdfc3,no_salary_hike,leakage_ablation_non_primary,True,xgboost,8,1080,120,25,EmpNumber;PerformanceRating;EmpLastSalaryHikePercent,0.8416666666666667,0.5923371647509579,0.5881119214452548,0.7962605462605462,0.5915032679738562,0.761029411764706,0.5923371647509579,0.8416666666666667,0.15833333333333333,1.0,0.0,0.6132971506105833,0.5294965776204869,0.09992955724398295,0.2766270700183037,,,
manuscript_final_20260712T175251Z_c664ef152ff3,c664ef152ff3a9eef89c53a403b9c2e6f677340bea0307b02d97d07cc54bdfc3,no_salary_hike,leakage_ablation_non_primary,True,xgboost,9,1080,120,25,EmpNumber;PerformanceRating;EmpLastSalaryHikePercent,0.8416666666666667,0.5923371647509579,0.5805253875429314,0.7924672793093845,0.5740740740740741,0.7523148148148148,0.5923371647509579,0.8416666666666667,0.15833333333333333,1.0,0.0,0.6114519427402864,0.5569136519414243,0.11286200582981114,0.29322617441853793,,,
manuscript_final_20260712T175251Z_c664ef152ff3,c664ef152ff3a9eef89c53a403b9c2e6f677340bea0307b02d97d07cc54bdfc3,no_salary_hike,leakage_ablation_non_primary,True,xgboost,10,1080,120,25,EmpNumber;PerformanceRating;EmpLastSalaryHikePercent,0.85,0.6218390804597701,0.6010752688172043,0.8048387096774193,0.5828282828282828,0.7651515151515152,0.6218390804597701,0.85,0.15,1.0,0.0,0.6523978113936273,0.45567283389492147,0.06034389932950337,0.2634922806265533,,,
manuscript_final_20260712T175251Z_c664ef152ff3,c664ef152ff3a9eef89c53a403b9c2e6f677340bea0307b02d97d07cc54bdfc3,no_salary_hike_no_attrition,governed_leakage_ablation_non_primary,False,xgboost,1,1080,120,21,Age;Gender;MaritalStatus;EmpLastSalaryHikePercent;Attrition;EmpNumber;PerformanceRating,0.8833333333333333,0.6847319347319347,0.6725294418842805,0.8440290578597031,0.927437641723356,0.895124716553288,0.6847319347319347,0.8833333333333333,0.11666666666666667,1.0,0.0,0.7307692307692308,0.4246546221662054,0.07364065895477928,0.22734403985145224,,,
manuscript_final_20260712T175251Z_c664ef152ff3,c664ef152ff3a9eef89c53a403b9c2e6f677340bea0307b02d97d07cc54bdfc3,no_salary_hike_no_attrition,governed_leakage_ablation_non_primary,False,xgboost,2,1080,120,21,Age;Gender;MaritalStatus;EmpLastSalaryHikePercent;Attrition;EmpNumber;PerformanceRating,0.8666666666666667,0.6277910685805422,0.6115694642010432,0.8170744428639165,0.5991285403050108,0.7750272331154684,0.6277910685805422,0.8666666666666667,0.13333333333333333,1.0,0.0,0.6680497925311204,0.43855125882302903,0.07755566636721298,0.24308792266126167,,,
manuscript_final_20260712T175251Z_c664ef152ff3,c664ef152ff3a9eef89c53a403b9c2e6f677340bea0307b02d97d07cc54bdfc3,no_salary_hike_no_attrition,governed_leakage_ablation_non_primary,False,xgboost,3,1080,120,21,Age;Gender;MaritalStatus;EmpLastSalaryHikePercent;Attrition;EmpNumber;PerformanceRating,0.8583333333333333,0.6377591706539075,0.603030303030303,0.8091666666666666,0.5719095719095719,0.7653439153439154,0.6377591706539075,0.8583333333333333,0.14166666666666666,1.0,0.0,0.6660117878192534,0.4435593152890007,0.10556656718254087,0.2383750678527714,,,
manuscript_final_20260712T175251Z_c664ef152ff3,c664ef152ff3a9eef89c53a403b9c2e6f677340bea0307b02d97d07cc54bdfc3,no_salary_hike_no_attrition,governed_leakage_ablation_non_primary,False,xgboost,4,1080,120,21,Age;Gender;MaritalStatus;EmpLastSalaryHikePercent;Attrition;EmpNumber;PerformanceRating,0.825,0.5950956937799043,0.5625668449197861,0.7776470588235295,0.5334295334295334,0.7354497354497355,0.5950956937799043,0.825,0.175,1.0,0.0,0.5874263261296659,0.5086492867244072,0.07070210079352057,0.29161185870000794,,,
manuscript_final_20260712T175251Z_c664ef152ff3,c664ef152ff3a9eef89c53a403b9c2e6f677340bea0307b02d97d07cc54bdfc3,no_salary_hike_no_attrition,governed_leakage_ablation_non_primary,False,xgboost,5,1080,120,21,Age;Gender;MaritalStatus;EmpLastSalaryHikePercent;Attrition;EmpNumber;PerformanceRating,0.85,0.6239161121193789,0.5936285936285937,0.7971250971250972,0.5666666666666667,0.7508333333333332,0.6239161121193789,0.85,0.15833333333333333,0.9916666666666667,0.008333333333333333,0.5909090909090909,0.4432706572430248,0.08503149201472605,0.2576512110811159,,,
manuscript_final_20260712T175251Z_c664ef152ff3,c664ef152ff3a9eef89c53a403b9c2e6f677340bea0307b02d97d07cc54bdfc3,no_salary_hike_no_attrition,governed_leakage_ablation_non_primary,False,xgboost,6,1080,120,21,Age;Gender;MaritalStatus;EmpLastSalaryHikePercent;Attrition;EmpNumber;PerformanceRating,0.85,0.6376285541439807,0.5953856295319709,0.7974027686222809,0.5584415584415584,0.750974025974026,0.6376285541439807,0.85,0.15833333333333333,0.9916666666666667,0.008333333333333333,0.6050156739811913,0.4537000837720156,0.055934417744477605,0.2580448366942452,,,
manuscript_final_20260712T175251Z_c664ef152ff3,c664ef152ff3a9eef89c53a403b9c2e6f677340bea0307b02d97d07cc54bdfc3,no_salary_hike_no_attrition,governed_leakage_ablation_non_primary,False,xgboost,7,1080,120,21,Age;Gender;MaritalStatus;EmpLastSalaryHikePercent;Attrition;EmpNumber;PerformanceRating,0.8666666666666667,0.6423371647509578,0.6136025876387796,0.8171059533175977,0.5877825877825877,0.7732683982683982,0.6423371647509578,0.8666666666666667,0.13333333333333333,1.0,0.0,0.6896217264791464,0.43134168913103493,0.06141250530878696,0.24054019105018937,,,
manuscript_final_20260712T175251Z_c664ef152ff3,c664ef152ff3a9eef89c53a403b9c2e6f677340bea0307b02d97d07cc54bdfc3,no_salary_hike_no_attrition,governed_leakage_ablation_non_primary,False,xgboost,8,1080,120,21,Age;Gender;MaritalStatus;EmpLastSalaryHikePercent;Attrition;EmpNumber;PerformanceRating,0.8416666666666667,0.6051724137931035,0.597710854676799,0.8004597054132657,0.5948148148148148,0.7664074074074073,0.6051724137931035,0.8416666666666667,0.15833333333333333,1.0,0.0,0.6284224250325945,0.5331366659540543,0.10144708504279458,0.28493802738539514,,,
manuscript_final_20260712T175251Z_c664ef152ff3,c664ef152ff3a9eef89c53a403b9c2e6f677340bea0307b02d97d07cc54bdfc3,no_salary_hike_no_attrition,governed_leakage_ablation_non_primary,False,xgboost,9,1080,120,21,Age;Gender;MaritalStatus;EmpLastSalaryHikePercent;Attrition;EmpNumber;PerformanceRating,0.8416666666666667,0.5923371647509579,0.5805253875429314,0.7924672793093845,0.5740740740740741,0.7523148148148148,0.5923371647509579,0.8416666666666667,0.15833333333333333,1.0,0.0,0.6114519427402864,0.5756062636378348,0.11887104709943142,0.306634959588206,,,
manuscript_final_20260712T175251Z_c664ef152ff3,c664ef152ff3a9eef89c53a403b9c2e6f677340bea0307b02d97d07cc54bdfc3,no_salary_hike_no_attrition,governed_leakage_ablation_non_primary,False,xgboost,10,1080,120,21,Age;Gender;MaritalStatus;EmpLastSalaryHikePercent;Attrition;EmpNumber;PerformanceRating,0.8583333333333333,0.6256704980842912,0.603030303030303,0.8090909090909091,0.5833333333333334,0.76625,0.6256704980842912,0.8583333333333333,0.14166666666666666,1.0,0.0,0.6644736842105263,0.44565651904843734,0.09042405635118489,0.2560533696781366,,,
manuscript_final_20260712T175251Z_c664ef152ff3,c664ef152ff3a9eef89c53a403b9c2e6f677340bea0307b02d97d07cc54bdfc3,no_salary_hike_no_attrition_no_department,canonical_primary,False,xgboost,1,1080,120,20,Age;Gender;MaritalStatus;EmpDepartment;EmpLastSalaryHikePercent;Attrition;EmpNumber;PerformanceRating,0.8583333333333333,0.6515151515151515,0.611645792133597,0.8126939134256208,0.5765385816932209,0.7717939706341768,0.6515151515151515,0.8583333333333333,0.14166666666666666,1.0,0.0,0.6786389413988658,0.43767742145014027,0.04651100039482117,0.23972401825418208,,,
manuscript_final_20260712T175251Z_c664ef152ff3,c664ef152ff3a9eef89c53a403b9c2e6f677340bea0307b02d97d07cc54bdfc3,no_salary_hike_no_attrition_no_department,canonical_primary,False,xgboost,2,1080,120,20,Age;Gender;MaritalStatus;EmpDepartment;EmpLastSalaryHikePercent;Attrition;EmpNumber;PerformanceRating,0.8583333333333333,0.6240031897926634,0.6015965840527243,0.8090388007054673,0.5820739968733716,0.7660891089108911,0.6240031897926634,0.8583333333333333,0.14166666666666666,1.0,0.0,0.6537678207739307,0.46567291108873243,0.0808359091480573,0.259273291901397,,,
manuscript_final_20260712T175251Z_c664ef152ff3,c664ef152ff3a9eef89c53a403b9c2e6f677340bea0307b02d97d07cc54bdfc3,no_salary_hike_no_attrition_no_department,canonical_primary,False,xgboost,3,1080,120,20,Age;Gender;MaritalStatus;EmpDepartment;EmpLastSalaryHikePercent;Attrition;EmpNumber;PerformanceRating,0.8666666666666667,0.6634001962949331,0.6522785458269329,0.8282270865335382,0.9081632653061225,0.8801020408163266,0.6634001962949331,0.8666666666666667,0.13333333333333333,1.0,0.0,0.6923076923076923,0.4889826755583299,0.11048669666051865,0.2606308938862748,,,
manuscript_final_20260712T175251Z_c664ef152ff3,c664ef152ff3a9eef89c53a403b9c2e6f677340bea0307b02d97d07cc54bdfc3,no_salary_hike_no_attrition_no_department,canonical_primary,False,xgboost,4,1080,120,20,Age;Gender;MaritalStatus;EmpDepartment;EmpLastSalaryHikePercent;Attrition;EmpNumber;PerformanceRating,0.8083333333333333,0.5875199362041467,0.5458601458601459,0.7627970827970827,0.5102345734349321,0.7225160615568506,0.5875199362041467,0.8083333333333333,0.19166666666666668,1.0,0.0,0.5635673624288424,0.4970204897572026,0.07137179523706433,0.2941507035168186,,,
manuscript_final_20260712T175251Z_c664ef152ff3,c664ef152ff3a9eef89c53a403b9c2e6f677340bea0307b02d97d07cc54bdfc3,no_salary_hike_no_attrition_no_department,canonical_primary,False,xgboost,5,1080,120,20,Age;Gender;MaritalStatus;EmpDepartment;EmpLastSalaryHikePercent;Attrition;EmpNumber;PerformanceRating,0.8416666666666667,0.6200846944948578,0.5844086021505376,0.7894220430107526,0.5526695526695526,0.7433261183261184,0.6200846944948578,0.8416666666666667,0.16666666666666666,0.9916666666666667,0.008333333333333333,0.5789473684210527,0.4398403625837901,0.05578209807475412,0.2610722826430553,,,
manuscript_final_20260712T175251Z_c664ef152ff3,c664ef152ff3a9eef89c53a403b9c2e6f677340bea0307b02d97d07cc54bdfc3,no_salary_hike_no_attrition_no_department,canonical_primary,False,xgboost,6,1080,120,20,Age;Gender;MaritalStatus;EmpDepartment;EmpLastSalaryHikePercent;Attrition;EmpNumber;PerformanceRating,0.8333333333333334,0.6299657188949385,0.584439240176945,0.7854410616705699,0.5455917874396136,0.7431838768115943,0.6299657188949385,0.8333333333333334,0.175,0.9916666666666667,0.008333333333333333,0.5830815709969789,0.46204490915282226,0.04963412880897526,0.26972107589542954,,,
manuscript_final_20260712T175251Z_c664ef152ff3,c664ef152ff3a9eef89c53a403b9c2e6f677340bea0307b02d97d07cc54bdfc3,no_salary_hike_no_attrition_no_department,canonical_primary,False,xgboost,7,1080,120,20,Age;Gender;MaritalStatus;EmpDepartment;EmpLastSalaryHikePercent;Attrition;EmpNumber;PerformanceRating,0.875,0.6590038314176245,0.6237666237666238,0.824946374946375,0.5921459492888065,0.7803416821273963,0.6590038314176245,0.875,0.125,1.0,0.0,0.7139224411951685,0.4398948946256124,0.0908655889332295,0.24133198984821932,,,
manuscript_final_20260712T175251Z_c664ef152ff3,c664ef152ff3a9eef89c53a403b9c2e6f677340bea0307b02d97d07cc54bdfc3,no_salary_hike_no_attrition_no_department,canonical_primary,False,xgboost,8,1080,120,20,Age;Gender;MaritalStatus;EmpDepartment;EmpLastSalaryHikePercent;Attrition;EmpNumber;PerformanceRating,0.85,0.6090038314176245,0.5996640537513999,0.8047079134005225,0.5953428676200954,0.7675559222588926,0.6090038314176245,0.85,0.15,1.0,0.0,0.6401199600133289,0.5365497048467991,0.11043957819541295,0.2871437636473269,,,
manuscript_final_20260712T175251Z_c664ef152ff3,c664ef152ff3a9eef89c53a403b9c2e6f677340bea0307b02d97d07cc54bdfc3,no_salary_hike_no_attrition_no_department,canonical_primary,False,xgboost,9,1080,120,20,Age;Gender;MaritalStatus;EmpDepartment;EmpLastSalaryHikePercent;Attrition;EmpNumber;PerformanceRating,0.8416666666666667,0.5923371647509579,0.5805253875429314,0.7924672793093845,0.5740740740740741,0.7523148148148148,0.5923371647509579,0.8416666666666667,0.15833333333333333,1.0,0.0,0.6114519427402864,0.5541006908007914,0.12085455854733783,0.29390786459027574,,,
manuscript_final_20260712T175251Z_c664ef152ff3,c664ef152ff3a9eef89c53a403b9c2e6f677340bea0307b02d97d07cc54bdfc3,no_salary_hike_no_attrition_no_department,canonical_primary,False,xgboost,10,1080,120,20,Age;Gender;MaritalStatus;EmpDepartment;EmpLastSalaryHikePercent;Attrition;EmpNumber;PerformanceRating,0.8583333333333333,0.6256704980842912,0.603030303030303,0.8090909090909091,0.5833333333333334,0.76625,0.6256704980842912,0.8583333333333333,0.14166666666666666,1.0,0.0,0.6644736842105263,0.45517186880663013,0.07130517711242045,0.25828118112145904,,,
manuscript_final_20260712T175251Z_c664ef152ff3,c664ef152ff3a9eef89c53a403b9c2e6f677340bea0307b02d97d07cc54bdfc3,no_salary_hike_no_attrition_no_department_no_job_role,strict_proxy_sensitivity_non_primary,False,xgboost,1,1080,120,19,Age;Gender;MaritalStatus;EmpDepartment;EmpJobRole;EmpLastSalaryHikePercent;Attrition;EmpNumber;PerformanceRating,0.8166666666666667,0.5913078149920254,0.5540694116618585,0.7701722178512108,0.5213358070500927,0.7287569573283859,0.5913078149920254,0.8166666666666667,0.18333333333333332,1.0,0.0,0.5752895752895753,0.5132253574433557,0.0639385928710302,0.28843552741861134,,,
manuscript_final_20260712T175251Z_c664ef152ff3,c664ef152ff3a9eef89c53a403b9c2e6f677340bea0307b02d97d07cc54bdfc3,no_salary_hike_no_attrition_no_department_no_job_role,strict_proxy_sensitivity_non_primary,False,xgboost,2,1080,120,19,Age;Gender;MaritalStatus;EmpDepartment;EmpJobRole;EmpLastSalaryHikePercent;Attrition;EmpNumber;PerformanceRating,0.775,0.5723684210526315,0.5260338188514985,0.7390925832914783,0.48931899641577065,0.7085017921146953,0.5723684210526315,0.775,0.225,1.0,0.0,0.5238095238095238,0.5749316647388506,0.09342859635750453,0.3352409385529969,,,
manuscript_final_20260712T175251Z_c664ef152ff3,c664ef152ff3a9eef89c53a403b9c2e6f677340bea0307b02d97d07cc54bdfc3,no_salary_hike_no_attrition_no_department_no_job_role,strict_proxy_sensitivity_non_primary,False,xgboost,3,1080,120,19,Age;Gender;MaritalStatus;EmpDepartment;EmpJobRole;EmpLastSalaryHikePercent;Attrition;EmpNumber;PerformanceRating,0.8,0.583732057416268,0.537917087967644,0.7555106167846309,0.5,0.7166666666666668,0.583732057416268,0.8,0.2,1.0,0.0,0.5522388059701493,0.5573828136082419,0.10275342141588528,0.3187048810236698,,,
manuscript_final_20260712T175251Z_c664ef152ff3,c664ef152ff3a9eef89c53a403b9c2e6f677340bea0307b02d97d07cc54bdfc3,no_salary_hike_no_attrition_no_department_no_job_role,strict_proxy_sensitivity_non_primary,False,xgboost,4,1080,120,19,Age;Gender;MaritalStatus;EmpDepartment;EmpJobRole;EmpLastSalaryHikePercent;Attrition;EmpNumber;PerformanceRating,0.7916666666666666,0.5742853637590479,0.5619417933309768,0.7602556851655472,0.6565656565656566,0.7660353535353537,0.5742853637590479,0.7916666666666666,0.21666666666666667,0.9916666666666667,0.008333333333333333,0.4814814814814815,0.5417247818920939,0.0946384323139986,0.3235871475130688,,,
manuscript_final_20260712T175251Z_c664ef152ff3,c664ef152ff3a9eef89c53a403b9c2e6f677340bea0307b02d97d07cc54bdfc3,no_salary_hike_no_attrition_no_department_no_job_role,strict_proxy_sensitivity_non_primary,False,xgboost,5,1080,120,19,Age;Gender;MaritalStatus;EmpDepartment;EmpJobRole;EmpLastSalaryHikePercent;Attrition;EmpNumber;PerformanceRating,0.8166666666666667,0.6360153256704981,0.5804713804713805,0.773131313131313,0.5364874551971326,0.7361935483870968,0.6360153256704981,0.8166666666666667,0.18333333333333332,1.0,0.0,0.6212338593974175,0.4620900376435376,0.0652956709265709,0.27743897941743967,,,
manuscript_final_20260712T175251Z_c664ef152ff3,c664ef152ff3a9eef89c53a403b9c2e6f677340bea0307b02d97d07cc54bdfc3,no_salary_hike_no_attrition_no_department_no_job_role,strict_proxy_sensitivity_non_primary,False,xgboost,6,1080,120,19,Age;Gender;MaritalStatus;EmpDepartment;EmpJobRole;EmpLastSalaryHikePercent;Attrition;EmpNumber;PerformanceRating,0.7916666666666666,0.5896494108835306,0.5724954146761895,0.7589747531282681,0.6155768208399787,0.7497381711855396,0.5896494108835306,0.7916666666666666,0.21666666666666667,0.9916666666666667,0.008333333333333333,0.5036927621861151,0.4659141096199779,0.07073006083567937,0.29645753951716997,,,
manuscript_final_20260712T175251Z_c664ef152ff3,c664ef152ff3a9eef89c53a403b9c2e6f677340bea0307b02d97d07cc54bdfc3,no_salary_hike_no_attrition_no_department_no_job_role,strict_proxy_sensitivity_non_primary,False,xgboost,7,1080,120,19,Age;Gender;MaritalStatus;EmpDepartment;EmpJobRole;EmpLastSalaryHikePercent;Attrition;EmpNumber;PerformanceRating,0.8166666666666667,0.5808429118773947,0.5540694116618585,0.7693286126409651,0.53006253006253,0.7274891774891775,0.5808429118773947,0.8166666666666667,0.18333333333333332,1.0,0.0,0.5732298739088264,0.5369651221421009,0.07363390773534777,0.309342882866462,,,
manuscript_final_20260712T175251Z_c664ef152ff3,c664ef152ff3a9eef89c53a403b9c2e6f677340bea0307b02d97d07cc54bdfc3,no_salary_hike_no_attrition_no_department_no_job_role,strict_proxy_sensitivity_non_primary,False,xgboost,8,1080,120,19,Age;Gender;MaritalStatus;EmpDepartment;EmpJobRole;EmpLastSalaryHikePercent;Attrition;EmpNumber;PerformanceRating,0.7666666666666667,0.5193486590038314,0.5013513513513513,0.7275225225225225,0.485374149659864,0.6927721088435373,0.5193486590038314,0.7666666666666667,0.24166666666666667,0.9916666666666667,0.008333333333333333,0.4139886578449905,0.6016626356255957,0.10279199009140327,0.35484921975825007,,,
manuscript_final_20260712T175251Z_c664ef152ff3,c664ef152ff3a9eef89c53a403b9c2e6f677340bea0307b02d97d07cc54bdfc3,no_salary_hike_no_attrition_no_department_no_job_role,strict_proxy_sensitivity_non_primary,False,xgboost,9,1080,120,19,Age;Gender;MaritalStatus;EmpDepartment;EmpJobRole;EmpLastSalaryHikePercent;Attrition;EmpNumber;PerformanceRating,0.7833333333333333,0.5526819923371648,0.5243271221532092,0.741601966873706,0.4987503905029678,0.7041002811621369,0.5526819923371648,0.7833333333333333,0.21666666666666667,1.0,0.0,0.5144724556489263,0.6861711275722304,0.14500982488195108,0.3766270768525071,,,
manuscript_final_20260712T175251Z_c664ef152ff3,c664ef152ff3a9eef89c53a403b9c2e6f677340bea0307b02d97d07cc54bdfc3,no_salary_hike_no_attrition_no_department_no_job_role,strict_proxy_sensitivity_non_primary,False,xgboost,10,1080,120,19,Age;Gender;MaritalStatus;EmpDepartment;EmpJobRole;EmpLastSalaryHikePercent;Attrition;EmpNumber;PerformanceRating,0.8166666666666667,0.5936781609195402,0.5633195307108351,0.7732358523119394,0.5359262730396751,0.7342002499218995,0.5936781609195402,0.8166666666666667,0.18333333333333332,1.0,0.0,0.5891690009337068,0.5259380953386109,0.08519578079382578,0.30685238291732286,,,
manuscript_final_20260712T175251Z_c664ef152ff3,c664ef152ff3a9eef89c53a403b9c2e6f677340bea0307b02d97d07cc54bdfc3,no_salary_hike_no_attrition_sensitive_retaining_audit,sensitive_retaining_leakage_ablation_non_primary,True,xgboost,1,1080,120,24,EmpLastSalaryHikePercent;Attrition;EmpNumber;PerformanceRating,0.875,0.6590909090909091,0.6232620320855614,0.8249264705882352,0.5911495911495912,0.7802910052910053,0.6590909090909091,0.875,0.125,1.0,0.0,0.7053045186640472,0.4060381753980421,0.06209180504083636,0.22250106425531122,,,
manuscript_final_20260712T175251Z_c664ef152ff3,c664ef152ff3a9eef89c53a403b9c2e6f677340bea0307b02d97d07cc54bdfc3,no_salary_hike_no_attrition_sensitive_retaining_audit,sensitive_retaining_leakage_ablation_non_primary,True,xgboost,2,1080,120,24,EmpLastSalaryHikePercent;Attrition;EmpNumber;PerformanceRating,0.85,0.6202153110047847,0.5996640537513999,0.8047872340425533,0.5815789473684211,0.765,0.6202153110047847,0.85,0.15,1.0,0.0,0.6414342629482073,0.4655721011646667,0.10399819438656169,0.25523131271451427,,,
manuscript_final_20260712T175251Z_c664ef152ff3,c664ef152ff3a9eef89c53a403b9c2e6f677340bea0307b02d97d07cc54bdfc3,no_salary_hike_no_attrition_sensitive_retaining_audit,sensitive_retaining_leakage_ablation_non_primary,True,xgboost,3,1080,120,24,EmpLastSalaryHikePercent;Attrition;EmpNumber;PerformanceRating,0.875,0.667188075082812,0.6619067207302501,0.8361398405516053,0.922895622895623,0.8878703703703704,0.667188075082812,0.875,0.125,1.0,0.0,0.7064579256360078,0.4293273955340176,0.09582193021972976,0.2271860341713145,,,
manuscript_final_20260712T175251Z_c664ef152ff3,c664ef152ff3a9eef89c53a403b9c2e6f677340bea0307b02d97d07cc54bdfc3,no_salary_hike_no_attrition_sensitive_retaining_audit,sensitive_retaining_leakage_ablation_non_primary,True,xgboost,4,1080,120,24,EmpLastSalaryHikePercent;Attrition;EmpNumber;PerformanceRating,0.825,0.5950956937799043,0.5625668449197861,0.7776470588235295,0.5334295334295334,0.7354497354497355,0.5950956937799043,0.825,0.175,1.0,0.0,0.5874263261296659,0.5106419048920913,0.07373274415731428,0.2865523975237298,,,
manuscript_final_20260712T175251Z_c664ef152ff3,c664ef152ff3a9eef89c53a403b9c2e6f677340bea0307b02d97d07cc54bdfc3,no_salary_hike_no_attrition_sensitive_retaining_audit,sensitive_retaining_leakage_ablation_non_primary,True,xgboost,5,1080,120,24,EmpLastSalaryHikePercent;Attrition;EmpNumber;PerformanceRating,0.85,0.6239161121193789,0.5936285936285937,0.7971250971250972,0.5666666666666667,0.7508333333333332,0.6239161121193789,0.85,0.15833333333333333,0.9916666666666667,0.008333333333333333,0.5909090909090909,0.4711475101423998,0.0882713412245115,0.26681260658963885,,,
manuscript_final_20260712T175251Z_c664ef152ff3,c664ef152ff3a9eef89c53a403b9c2e6f677340bea0307b02d97d07cc54bdfc3,no_salary_hike_no_attrition_sensitive_retaining_audit,sensitive_retaining_leakage_ablation_non_primary,True,xgboost,6,1080,120,24,EmpLastSalaryHikePercent;Attrition;EmpNumber;PerformanceRating,0.85,0.6376285541439807,0.5953856295319709,0.7974027686222809,0.5584415584415584,0.750974025974026,0.6376285541439807,0.85,0.15833333333333333,0.9916666666666667,0.008333333333333333,0.6050156739811913,0.46136024466919723,0.05595881392558412,0.2618076310394233,,,
manuscript_final_20260712T175251Z_c664ef152ff3,c664ef152ff3a9eef89c53a403b9c2e6f677340bea0307b02d97d07cc54bdfc3,no_salary_hike_no_attrition_sensitive_retaining_audit,sensitive_retaining_leakage_ablation_non_primary,True,xgboost,7,1080,120,24,EmpLastSalaryHikePercent;Attrition;EmpNumber;PerformanceRating,0.8666666666666667,0.6423371647509578,0.6136025876387796,0.8171059533175977,0.5877825877825877,0.7732683982683982,0.6423371647509578,0.8666666666666667,0.13333333333333333,1.0,0.0,0.6896217264791464,0.42188575389513255,0.06239891275763509,0.23606809210157573,,,
manuscript_final_20260712T175251Z_c664ef152ff3,c664ef152ff3a9eef89c53a403b9c2e6f677340bea0307b02d97d07cc54bdfc3,no_salary_hike_no_attrition_sensitive_retaining_audit,sensitive_retaining_leakage_ablation_non_primary,True,xgboost,8,1080,120,24,EmpLastSalaryHikePercent;Attrition;EmpNumber;PerformanceRating,0.8416666666666667,0.5923371647509579,0.5881119214452548,0.7962605462605462,0.5915032679738562,0.761029411764706,0.5923371647509579,0.8416666666666667,0.15833333333333333,1.0,0.0,0.6132971506105833,0.5211836830890184,0.09213573286930715,0.2739615112089033,,,
manuscript_final_20260712T175251Z_c664ef152ff3,c664ef152ff3a9eef89c53a403b9c2e6f677340bea0307b02d97d07cc54bdfc3,no_salary_hike_no_attrition_sensitive_retaining_audit,sensitive_retaining_leakage_ablation_non_primary,True,xgboost,9,1080,120,24,EmpLastSalaryHikePercent;Attrition;EmpNumber;PerformanceRating,0.8416666666666667,0.5923371647509579,0.5805253875429314,0.7924672793093845,0.5740740740740741,0.7523148148148148,0.5923371647509579,0.8416666666666667,0.15833333333333333,1.0,0.0,0.6114519427402864,0.5459364178538889,0.11429405858119324,0.291886874664762,,,
manuscript_final_20260712T175251Z_c664ef152ff3,c664ef152ff3a9eef89c53a403b9c2e6f677340bea0307b02d97d07cc54bdfc3,no_salary_hike_no_attrition_sensitive_retaining_audit,sensitive_retaining_leakage_ablation_non_primary,True,xgboost,10,1080,120,24,EmpLastSalaryHikePercent;Attrition;EmpNumber;PerformanceRating,0.8416666666666667,0.618007662835249,0.5990990990990991,0.8005405405405406,0.582312925170068,0.764030612244898,0.618007662835249,0.8416666666666667,0.15833333333333333,1.0,0.0,0.6408317580340265,0.4638169796765309,0.05929460227489469,0.26829276716867256,,,
