feature_set,model,attribute,metric,class_label,point_estimate,ci_low,ci_high,bootstrap_std,n_boot_valid,n_groups_included,min_group_value,min_group_support,min,max_group_value,max_group_support,max,min_group_support_threshold
no_salary_hike_no_attrition,xgboost,BusinessTravelFrequency,accuracy,,0.04993291163503932,0.015363603552925764,0.11707830700072605,0.02714036526762081,500,3,Travel_Frequently,222,0.8153153153153153,Travel_Rarely,846,0.8652482269503546,30
no_salary_hike_no_attrition,xgboost,BusinessTravelFrequency,false_positive_rate,3.0,0.0809159280150416,0.02381702994905557,0.2738615468730285,0.06466678333012571,500,3,Travel_Rarely,846,0.4337899543378995,Travel_Frequently,222,0.5147058823529411,30
no_salary_hike_no_attrition,xgboost,BusinessTravelFrequency,false_positive_rate,2.0,0.01801801801801802,0.005331334112594571,0.04767158294392522,0.010773440188981359,500,3,Non-Travel,132,0.009009009009009009,Travel_Frequently,222,0.02702702702702703,30
no_salary_hike_no_attrition,xgboost,BusinessTravelFrequency,false_positive_rate,4.0,0.008771929824561403,0.0,0.028587626995645852,0.007664970782382051,500,3,Travel_Rarely,846,0.0,Non-Travel,132,0.008771929824561403,30
no_salary_hike_no_attrition,xgboost,BusinessTravelFrequency,macro_f1,,0.039798668708220575,0.011723133478773653,0.08559450355218139,0.018614861693259734,500,3,Travel_Frequently,222,0.586112759643917,Non-Travel,132,0.6259114283521375,30
no_salary_hike_no_attrition,xgboost,BusinessTravelFrequency,mean_predicted_probability,3.0,0.025083450198893353,0.00976424683629444,0.08995003963643958,0.021766803700799614,500,3,Non-Travel,132,0.7349023103544657,Travel_Rarely,846,0.7599857605533591,30
no_salary_hike_no_attrition,xgboost,BusinessTravelFrequency,mean_predicted_probability,4.0,0.025003786480869927,0.010624781593608402,0.046257247211179915,0.00900698561220252,500,3,Travel_Rarely,846,0.08010590272955868,Non-Travel,132,0.10510968921042861,30
no_salary_hike_no_attrition,xgboost,BusinessTravelFrequency,mean_predicted_probability,2.0,0.004842171113161153,0.005986000934222935,0.09043869154910936,0.0217777642882871,500,3,Travel_Rarely,846,0.15990833686602435,Travel_Frequently,222,0.1647505079791855,30
no_salary_hike_no_attrition,xgboost,BusinessTravelFrequency,positive_prediction_rate,3.0,0.009009009009009028,0.008803598603258229,0.10412456081674232,0.024878275166409648,500,3,Travel_Frequently,222,0.8243243243243243,Travel_Rarely,846,0.8333333333333334,30
no_salary_hike_no_attrition,xgboost,BusinessTravelFrequency,positive_prediction_rate,4.0,0.006393724478830862,0.0,0.024495201919232303,0.006259202601622842,500,3,Travel_Rarely,846,0.001182033096926714,Non-Travel,132,0.007575757575757576,30
no_salary_hike_no_attrition,xgboost,BusinessTravelFrequency,positive_prediction_rate,2.0,0.00568653760143123,0.00786928996602649,0.10495949201457673,0.025067553999507542,500,3,Travel_Rarely,846,0.16548463356973994,Travel_Frequently,222,0.17117117117117117,30
no_salary_hike_no_attrition,xgboost,BusinessTravelFrequency,precision,4.0,1.0,0.0,1.0,0.49629558495900283,478,3,Non-Travel,132,0.0,Travel_Rarely,846,1.0,30
no_salary_hike_no_attrition,xgboost,BusinessTravelFrequency,precision,2.0,0.09025974025974026,0.030476807381193176,0.23863871635610764,0.051585703881887116,500,3,Travel_Rarely,846,0.8642857142857143,Non-Travel,132,0.9545454545454546,30
no_salary_hike_no_attrition,xgboost,BusinessTravelFrequency,precision,3.0,0.056505057551447524,0.017481540761865137,0.13038568127429281,0.029413326031214306,500,3,Travel_Frequently,222,0.8087431693989071,Travel_Rarely,846,0.8652482269503546,30
no_salary_hike_no_attrition,xgboost,BusinessTravelFrequency,true_positive_rate,2.0,0.11029411764705888,0.07516267123287668,0.2211666666666666,0.035150626476775026,500,3,Travel_Rarely,846,0.8897058823529411,Non-Travel,132,1.0,30
no_salary_hike_no_attrition,xgboost,BusinessTravelFrequency,true_positive_rate,3.0,0.01745566261695297,0.004277639834553749,0.062084945130057904,0.014752734166004816,500,3,Travel_Frequently,222,0.961038961038961,Non-Travel,132,0.978494623655914,30
no_salary_hike_no_attrition,xgboost,BusinessTravelFrequency,true_positive_rate,4.0,0.012048192771084338,0.0,0.03896103896103896,0.012263569442981435,500,3,Non-Travel,132,0.0,Travel_Rarely,846,0.012048192771084338,30
no_salary_hike_no_attrition,xgboost,EducationBackground,accuracy,,0.038787878787878816,0.02981683619236879,0.15194865482901188,0.032515321290643016,500,5,Technical Degree,100,0.84,Other,66,0.8787878787878788,30
no_salary_hike_no_attrition,xgboost,EducationBackground,false_positive_rate,3.0,0.3744186046511627,0.14677661169415296,0.7142857142857143,0.14665073822688274,500,5,Marketing,137,0.32558139534883723,Other,66,0.7,30
no_salary_hike_no_attrition,xgboost,EducationBackground,false_positive_rate,2.0,0.05235375562478366,0.0202384479341422,0.11598998114104861,0.0260955364374783,500,5,Medical,384,0.012461059190031152,Marketing,137,0.06481481481481481,30
no_salary_hike_no_attrition,xgboost,EducationBackground,false_positive_rate,4.0,0.0029069767441860465,0.0,0.009617918313570485,0.002654089663419214,500,5,Marketing,137,0.0,Medical,384,0.0029069767441860465,30
no_salary_hike_no_attrition,xgboost,EducationBackground,macro_f1,,0.017172402261933062,0.019677927000964972,0.30563059148385463,0.05981889973971976,500,5,Marketing,137,0.5909863945578232,Medical,384,0.6081587968197563,30
no_salary_hike_no_attrition,xgboost,EducationBackground,mean_predicted_probability,2.0,0.16796222441279585,0.0845122665735473,0.2578009803381208,0.04139698246738107,500,5,Other,66,0.05839047038611938,Marketing,137,0.22635269479891523,30
no_salary_hike_no_attrition,xgboost,EducationBackground,mean_predicted_probability,3.0,0.15337119557151313,0.08484410751785375,0.2353537179676337,0.03789588745629921,500,5,Marketing,137,0.7081254864533018,Other,66,0.8614966820248149,30
no_salary_hike_no_attrition,xgboost,EducationBackground,mean_predicted_probability,4.0,0.028803532152312628,0.016531290546437698,0.05474774899253522,0.009797232357200964,500,5,Marketing,137,0.06552181687940206,Technical Degree,100,0.09432534903171469,30
no_salary_hike_no_attrition,xgboost,EducationBackground,positive_prediction_rate,3.0,0.194868391948684,0.10463420542635661,0.29456344710653093,0.047877394044936565,500,5,Marketing,137,0.7445255474452555,Other,66,0.9393939393939394,30
no_salary_hike_no_attrition,xgboost,EducationBackground,positive_prediction_rate,2.0,0.19486839194868394,0.10380722360155656,0.2945634471065309,0.04788556365800531,500,5,Other,66,0.06060606060606061,Marketing,137,0.25547445255474455,30
no_salary_hike_no_attrition,xgboost,EducationBackground,positive_prediction_rate,4.0,0.0040650406504065045,0.0,0.010320460935503109,0.0026566176844509334,500,5,Marketing,137,0.0,Life Sciences,492,0.0040650406504065045,30
no_salary_hike_no_attrition,xgboost,EducationBackground,precision,4.0,0.5,0.0,1.0,0.3814773587577819,478,2,Medical,384,0.0,Life Sciences,492,0.5,30
no_salary_hike_no_attrition,xgboost,EducationBackground,precision,2.0,0.18333333333333335,0.10435674691817652,0.9112657563025209,0.17573907401004166,500,5,Other,66,0.75,Medical,384,0.9333333333333333,30
no_salary_hike_no_attrition,xgboost,EducationBackground,precision,3.0,0.05782848151062159,0.03347399365657792,0.1766490217099973,0.03796494988520378,500,5,Technical Degree,100,0.8292682926829268,Other,66,0.8870967741935484,30
no_salary_hike_no_attrition,xgboost,EducationBackground,true_positive_rate,2.0,0.11538461538461542,0.08381024096385546,0.2941176470588235,0.05204658434905681,500,5,Life Sciences,492,0.8846153846153846,Other,66,1.0,30
no_salary_hike_no_attrition,xgboost,EducationBackground,true_positive_rate,3.0,0.04603619292799266,0.019854265225258117,0.12136080430472954,0.027812208815010127,500,5,Marketing,137,0.9361702127659575,Medical,384,0.9822064056939501,30
no_salary_hike_no_attrition,xgboost,EducationBackground,true_positive_rate,4.0,0.017543859649122806,0.0,0.05555555555555555,0.017710092561362526,500,5,Marketing,137,0.0,Life Sciences,492,0.017543859649122806,30
no_salary_hike_no_attrition,xgboost,EmpDepartment,accuracy,,0.08734241619085314,0.039209109541518225,0.19584895285785422,0.040381130037867204,500,5,Development,361,0.8310249307479224,Finance,49,0.9183673469387755,30
no_salary_hike_no_attrition,xgboost,EmpDepartment,false_positive_rate,3.0,0.7543859649122807,0.6241052932544991,0.9240779768177029,0.08135184886199094,500,5,Finance,49,0.21052631578947367,Development,361,0.9649122807017544,30
no_salary_hike_no_attrition,xgboost,EmpDepartment,false_positive_rate,2.0,0.045454545454545456,0.026778395409600902,0.09365937473807709,0.01874023392381708,500,5,Finance,49,0.0,Sales,373,0.045454545454545456,30
no_salary_hike_no_attrition,xgboost,EmpDepartment,false_positive_rate,4.0,0.006309148264984227,0.0,0.015699858046962795,0.004316896225511302,500,5,Finance,49,0.0,Development,361,0.006309148264984227,30
no_salary_hike_no_attrition,xgboost,EmpDepartment,macro_f1,,0.27327331837966307,0.19441607742474593,0.35730536142460173,0.04538303378656035,500,5,Development,361,0.3725600149536703,Finance,49,0.6458333333333334,30
no_salary_hike_no_attrition,xgboost,EmpDepartment,mean_predicted_probability,2.0,0.24317042377014514,0.17297546128348523,0.36157769677226187,0.04790272809950613,500,5,Development,361,0.038177135510762225,Finance,49,0.2813475592809074,30
no_salary_hike_no_attrition,xgboost,EmpDepartment,mean_predicted_probability,3.0,0.23290703889900533,0.16419571189131282,0.3337429660814385,0.04536476216223414,500,5,Finance,49,0.6345827695438448,Development,361,0.8674898084428502,30
no_salary_hike_no_attrition,xgboost,EmpDepartment,mean_predicted_probability,4.0,0.021925285618240836,0.016527481176924597,0.050025535217179735,0.008284137472655505,500,5,Sales,373,0.072407770592934,Development,361,0.09433305621117484,30
no_salary_hike_no_attrition,xgboost,EmpDepartment,positive_prediction_rate,2.0,0.2895019503646334,0.21708939212221426,0.41679410883455836,0.051842583047940656,500,5,Development,361,0.01662049861495845,Finance,49,0.30612244897959184,30
no_salary_hike_no_attrition,xgboost,EmpDepartment,positive_prediction_rate,3.0,0.28396178415964723,0.21233138988699984,0.41237773803494554,0.052005972071997746,500,5,Finance,49,0.6938775510204082,Development,361,0.9778393351800554,30
no_salary_hike_no_attrition,xgboost,EmpDepartment,positive_prediction_rate,4.0,0.00554016620498615,0.0,0.014088921687655229,0.003484352423498129,500,5,Finance,49,0.0,Development,361,0.00554016620498615,30
no_salary_hike_no_attrition,xgboost,EmpDepartment,precision,4.0,1.0,0.0,1.0,0.49629558495900283,478,2,Development,361,0.0,Research & Development,343,1.0,30
no_salary_hike_no_attrition,xgboost,EmpDepartment,precision,2.0,0.6666666666666667,0.25,1.0,0.21473639394068952,500,5,Development,361,0.3333333333333333,Finance,49,1.0,30
no_salary_hike_no_attrition,xgboost,EmpDepartment,precision,3.0,0.04144385026737962,0.03238737911105911,0.19752193371144977,0.04431589310768244,500,5,Human Resources,54,0.8409090909090909,Finance,49,0.8823529411764706,30
no_salary_hike_no_attrition,xgboost,EmpDepartment,true_positive_rate,2.0,0.8461538461538461,0.625,1.0,0.10432113472567318,500,5,Development,361,0.15384615384615385,Finance,49,1.0,30
no_salary_hike_no_attrition,xgboost,EmpDepartment,true_positive_rate,3.0,0.047808764940239,0.029647091151762627,0.10810810810810811,0.020669761101103544,500,5,Sales,373,0.952191235059761,Finance,49,1.0,30
no_salary_hike_no_attrition,xgboost,EmpDepartment,true_positive_rate,4.0,0.024390243902439025,0.0,0.08108108108108109,0.024598743597637543,500,5,Development,361,0.0,Research & Development,343,0.024390243902439025,30
no_salary_hike_no_attrition,xgboost,Gender,accuracy,,0.02533575317604353,0.0013008601122198595,0.06553869061360171,0.017661810758440154,500,2,Male,725,0.8441379310344828,Female,475,0.8694736842105263,30
no_salary_hike_no_attrition,xgboost,Gender,false_positive_rate,2.0,0.01635313531353135,0.0017044941422973295,0.033336607742379794,0.008715527320282917,500,2,Female,475,0.015,Male,725,0.03135313531353135,30
no_salary_hike_no_attrition,xgboost,Gender,false_positive_rate,3.0,0.0155555555555556,0.0016176489056233703,0.1366285330063492,0.03654177375170188,500,2,Female,475,0.4444444444444444,Male,725,0.46,30
no_salary_hike_no_attrition,xgboost,Gender,false_positive_rate,4.0,0.003105590062111801,0.0,0.007758257499157398,0.0021218642769948943,500,2,Female,475,0.0,Male,725,0.003105590062111801,30
no_salary_hike_no_attrition,xgboost,Gender,macro_f1,,0.015239280497078456,0.0007279332196614281,0.046075317397979036,0.01254677105516495,500,2,Male,725,0.5976134119817823,Female,475,0.6128526924788608,30
no_salary_hike_no_attrition,xgboost,Gender,mean_predicted_probability,3.0,0.01814889410270637,0.0007746774279783375,0.051594387302991755,0.014467520945198532,500,2,Male,725,0.7458918629149939,Female,475,0.7640407570177002,30
no_salary_hike_no_attrition,xgboost,Gender,mean_predicted_probability,2.0,0.011799063891626216,0.0006186569400514348,0.05001544903684365,0.013644097066628062,500,2,Female,475,0.15368430072591813,Male,725,0.16548336461754434,30
no_salary_hike_no_attrition,xgboost,Gender,mean_predicted_probability,4.0,0.006349832897037333,0.00015303763877489059,0.01644650154377082,0.004617257301628051,500,2,Female,475,0.08227494078345202,Male,725,0.08862477368048935,30
no_salary_hike_no_attrition,xgboost,Gender,positive_prediction_rate,3.0,0.018656987295825767,0.0011895638589527334,0.061835765257241805,0.01657259142519359,500,2,Male,725,0.8234482758620689,Female,475,0.8421052631578947,30
no_salary_hike_no_attrition,xgboost,Gender,positive_prediction_rate,2.0,0.014519056261343033,0.0010352394996066931,0.057538411731957395,0.015486072218884785,500,2,Female,475,0.15789473684210525,Male,725,0.1724137931034483,30
no_salary_hike_no_attrition,xgboost,Gender,positive_prediction_rate,4.0,0.004137931034482759,0.0,0.009006029478732526,0.0023413870215906922,500,2,Female,475,0.0,Male,725,0.004137931034482759,30
no_salary_hike_no_attrition,xgboost,Gender,precision,2.0,0.07200000000000006,0.0053739623174610795,0.1583409637543768,0.041868041835033815,500,2,Male,725,0.848,Female,475,0.92,30
no_salary_hike_no_attrition,xgboost,Gender,precision,3.0,0.014103852596314859,0.001340876546229983,0.0604450098889684,0.01626751106340946,500,2,Male,725,0.8458961474036851,Female,475,0.86,30
no_salary_hike_no_attrition,xgboost,Gender,precision,4.0,0.0,0.0,0.0,0.0,478,1,Male,725,0.3333333333333333,Male,725,0.3333333333333333,30
no_salary_hike_no_attrition,xgboost,Gender,true_positive_rate,2.0,0.02924369747899158,0.002220855878012793,0.11572472143195829,0.030826172311287904,500,2,Male,725,0.8907563025210085,Female,475,0.92,30
no_salary_hike_no_attrition,xgboost,Gender,true_positive_rate,3.0,0.023768590530768186,0.0033797338758965213,0.044906223785410766,0.010511980963781968,500,2,Male,725,0.9619047619047619,Female,475,0.9856733524355301,30
no_salary_hike_no_attrition,xgboost,Gender,true_positive_rate,4.0,0.012345679012345678,0.0,0.04054054054054054,0.01255595436857812,500,2,Female,475,0.0,Male,725,0.012345679012345678,30
no_salary_hike_no_attrition,xgboost,MaritalStatus,accuracy,,0.03346548507462688,0.008228876328852028,0.08608740591494957,0.020571934541783184,500,3,Single,384,0.8359375,Divorced,268,0.8694029850746269,30
no_salary_hike_no_attrition,xgboost,MaritalStatus,false_positive_rate,3.0,0.10793650793650789,0.030924839088081458,0.2704884272750782,0.06053014446597998,500,3,Married,548,0.4,Divorced,268,0.5079365079365079,30
no_salary_hike_no_attrition,xgboost,MaritalStatus,false_positive_rate,2.0,0.0248241341991342,0.009123579730954588,0.04557952066529903,0.009442053583779544,500,3,Divorced,268,0.008658008658008658,Married,548,0.033482142857142856,30
no_salary_hike_no_attrition,xgboost,MaritalStatus,false_positive_rate,4.0,0.004132231404958678,0.0,0.013484729123742576,0.003742145311432801,500,3,Married,548,0.0,Divorced,268,0.004132231404958678,30
no_salary_hike_no_attrition,xgboost,MaritalStatus,macro_f1,,0.011152059348044863,0.004607861725607396,0.06631821183064707,0.015949011324005127,500,3,Single,384,0.5982087183266255,Married,548,0.6093607776746703,30
no_salary_hike_no_attrition,xgboost,MaritalStatus,mean_predicted_probability,2.0,0.05950408019653884,0.02229124703041972,0.10595866322270156,0.022001390366087493,500,3,Divorced,268,0.12486208165234945,Married,548,0.1843661618488883,30
no_salary_hike_no_attrition,xgboost,MaritalStatus,mean_predicted_probability,3.0,0.04738268287622993,0.01300858544710086,0.08981084599454503,0.01955296681667082,500,3,Married,548,0.7339701706791691,Divorced,268,0.7813528535553991,30
no_salary_hike_no_attrition,xgboost,MaritalStatus,mean_predicted_probability,4.0,0.012121393350998905,0.0033778320674815385,0.02946014190931378,0.006461238132077822,500,3,Married,548,0.08166366891969877,Divorced,268,0.09378506227069767,30
no_salary_hike_no_attrition,xgboost,MaritalStatus,positive_prediction_rate,2.0,0.07029632857609763,0.030190192264992487,0.11849493358016742,0.024597104382489177,500,3,Divorced,268,0.12313432835820895,Married,548,0.19343065693430658,30
no_salary_hike_no_attrition,xgboost,MaritalStatus,positive_prediction_rate,3.0,0.06838980281076368,0.024277642876294577,0.11607952398038557,0.024693595423213338,500,3,Married,548,0.8047445255474452,Divorced,268,0.8731343283582089,30
no_salary_hike_no_attrition,xgboost,MaritalStatus,positive_prediction_rate,4.0,0.0019065257653339144,0.0,0.011977290836653385,0.003035802905223511,500,3,Married,548,0.0018248175182481751,Divorced,268,0.0037313432835820895,30
no_salary_hike_no_attrition,xgboost,MaritalStatus,precision,4.0,1.0,0.0,1.0,0.49629558495900283,478,3,Divorced,268,0.0,Married,548,1.0,30
no_salary_hike_no_attrition,xgboost,MaritalStatus,precision,2.0,0.08090337335620357,0.027665517850830632,0.1985765815760265,0.045831650322390775,500,3,Married,548,0.8584905660377359,Divorced,268,0.9393939393939394,30
no_salary_hike_no_attrition,xgboost,MaritalStatus,precision,3.0,0.03094972660190054,0.006898278834231356,0.09152010696121765,0.02238214319919729,500,3,Single,384,0.8322981366459627,Divorced,268,0.8632478632478633,30
no_salary_hike_no_attrition,xgboost,MaritalStatus,true_positive_rate,2.0,0.09198672356567095,0.027846320346320345,0.2437045314765188,0.05591204759103508,500,3,Divorced,268,0.8378378378378378,Single,384,0.9298245614035088,30
no_salary_hike_no_attrition,xgboost,MaritalStatus,true_positive_rate,3.0,0.020989263327747754,0.006588658188489017,0.04608412683879631,0.01034757977469353,500,3,Married,548,0.9643765903307888,Divorced,268,0.9853658536585366,30
no_salary_hike_no_attrition,xgboost,MaritalStatus,true_positive_rate,4.0,0.01818181818181818,0.0,0.061224489795918366,0.0187720695889551,500,3,Divorced,268,0.0,Married,548,0.01818181818181818,30
no_salary_hike_no_attrition_no_department,xgboost,BusinessTravelFrequency,accuracy,,0.040700274742828,0.011210896148970074,0.11726131258416055,0.027355925758265603,500,3,Travel_Frequently,222,0.8198198198198198,Travel_Rarely,846,0.8605200945626478,30
no_salary_hike_no_attrition_no_department,xgboost,BusinessTravelFrequency,false_positive_rate,3.0,0.0854821380607037,0.027514451714272314,0.2649400078678205,0.06408341591648681,500,3,Travel_Rarely,846,0.4292237442922374,Travel_Frequently,222,0.5147058823529411,30
no_salary_hike_no_attrition_no_department,xgboost,BusinessTravelFrequency,false_positive_rate,4.0,0.017543859649122806,0.0,0.04839575938725943,0.012971094373876444,500,3,Travel_Frequently,222,0.0,Non-Travel,132,0.017543859649122806,30
no_salary_hike_no_attrition_no_department,xgboost,BusinessTravelFrequency,false_positive_rate,2.0,0.0053673391701560685,0.003406932294953985,0.04545290940930343,0.010952046862524059,500,3,Non-Travel,132,0.02702702702702703,Travel_Rarely,846,0.0323943661971831,30
no_salary_hike_no_attrition_no_department,xgboost,BusinessTravelFrequency,macro_f1,,0.01869954638412319,0.005343539197154107,0.0676162143556926,0.015942820556906323,500,3,Travel_Frequently,222,0.5872189349112426,Non-Travel,132,0.6059184812953657,30
no_salary_hike_no_attrition_no_department,xgboost,BusinessTravelFrequency,mean_predicted_probability,3.0,0.030712408315776263,0.00919067378143933,0.09587250431105253,0.021805442206708908,500,3,Non-Travel,132,0.7266638533099357,Travel_Rarely,846,0.7573762616257119,30
no_salary_hike_no_attrition_no_department,xgboost,BusinessTravelFrequency,mean_predicted_probability,4.0,0.02676444215193237,0.01141571884966979,0.04977404022798475,0.009721655296795657,500,3,Travel_Rarely,846,0.0814048298750178,Non-Travel,132,0.10816927202695018,30
no_salary_hike_no_attrition_no_department,xgboost,BusinessTravelFrequency,mean_predicted_probability,2.0,0.0057165604288218486,0.005912731350854159,0.0835675226921357,0.02101820371195686,500,3,Travel_Rarely,846,0.161218908324114,Travel_Frequently,222,0.16693546875293586,30
no_salary_hike_no_attrition_no_department,xgboost,BusinessTravelFrequency,positive_prediction_rate,3.0,0.025798525798525818,0.008679906205725606,0.1219487024736212,0.029288489757745798,500,3,Non-Travel,132,0.803030303030303,Travel_Frequently,222,0.8288288288288288,30
no_salary_hike_no_attrition_no_department,xgboost,BusinessTravelFrequency,positive_prediction_rate,4.0,0.015151515151515152,0.0005367231638418095,0.04132231404958678,0.010993562142871333,500,3,Travel_Frequently,222,0.0,Non-Travel,132,0.015151515151515152,30
no_salary_hike_no_attrition_no_department,xgboost,BusinessTravelFrequency,positive_prediction_rate,2.0,0.010647010647010652,0.0064243037597852696,0.10417707682209047,0.02545132665949468,500,3,Travel_Frequently,222,0.17117117117117117,Non-Travel,132,0.18181818181818182,30
no_salary_hike_no_attrition_no_department,xgboost,BusinessTravelFrequency,precision,4.0,0.5,0.0,1.0,0.39786435876406395,487,2,Non-Travel,132,0.0,Travel_Rarely,846,0.5,30
no_salary_hike_no_attrition_no_department,xgboost,BusinessTravelFrequency,precision,3.0,0.055739565839397875,0.014079285366937082,0.1364052698201917,0.0306145694918243,500,3,Travel_Frequently,222,0.8097826086956522,Travel_Rarely,846,0.8655221745350501,30
no_salary_hike_no_attrition_no_department,xgboost,BusinessTravelFrequency,precision,2.0,0.0336206896551724,0.020844689070054042,0.20765086206896544,0.04895580294427051,500,3,Travel_Rarely,846,0.8413793103448276,Non-Travel,132,0.875,30
no_salary_hike_no_attrition_no_department,xgboost,BusinessTravelFrequency,true_positive_rate,2.0,0.10810810810810811,0.07217499999999995,0.21621621621621623,0.037587796569418276,500,3,Travel_Frequently,222,0.8918918918918919,Non-Travel,132,1.0,30
no_salary_hike_no_attrition_no_department,xgboost,BusinessTravelFrequency,true_positive_rate,3.0,0.021295908392682583,0.006152674637734473,0.0785448513952104,0.020150611172229386,500,3,Non-Travel,132,0.946236559139785,Travel_Frequently,222,0.9675324675324676,30
no_salary_hike_no_attrition_no_department,xgboost,BusinessTravelFrequency,true_positive_rate,4.0,0.012048192771084338,0.0,0.034325189443428245,0.010947796878946486,500,3,Non-Travel,132,0.0,Travel_Rarely,846,0.012048192771084338,30
no_salary_hike_no_attrition_no_department,xgboost,EducationBackground,accuracy,,0.048787878787878824,0.027754465567161404,0.16987815995114358,0.03776889964893786,500,5,Technical Degree,100,0.83,Other,66,0.8787878787878788,30
no_salary_hike_no_attrition_no_department,xgboost,EducationBackground,false_positive_rate,3.0,0.39767441860465114,0.1619034565580618,0.7293313069908811,0.14516309491923673,500,5,Marketing,137,0.3023255813953488,Other,66,0.7,30
no_salary_hike_no_attrition_no_department,xgboost,EducationBackground,false_positive_rate,2.0,0.04894179894179894,0.02304305220221628,0.1117654707228472,0.02234591895033146,500,5,Other,66,0.015873015873015872,Marketing,137,0.06481481481481481,30
no_salary_hike_no_attrition_no_department,xgboost,EducationBackground,false_positive_rate,4.0,0.011363636363636364,0.0,0.03854978354978353,0.009954923183372016,500,5,Marketing,137,0.0,Technical Degree,100,0.011363636363636364,30
no_salary_hike_no_attrition_no_department,xgboost,EducationBackground,macro_f1,,0.052340850870262634,0.030418534119871252,0.3120670375465391,0.0655556267291547,500,5,Life Sciences,492,0.5846249610955493,Marketing,137,0.6369658119658119,30
no_salary_hike_no_attrition_no_department,xgboost,EducationBackground,mean_predicted_probability,2.0,0.1661158805247197,0.098255859645383,0.23821146417281386,0.03709018506770151,500,5,Other,66,0.060154982082277604,Marketing,137,0.2262708626069973,30
no_salary_hike_no_attrition_no_department,xgboost,EducationBackground,mean_predicted_probability,3.0,0.149708072376186,0.09036420578386285,0.21483186007873767,0.033101915271988,500,5,Marketing,137,0.7080319312394318,Other,66,0.8577400036156178,30
no_salary_hike_no_attrition_no_department,xgboost,EducationBackground,mean_predicted_probability,4.0,0.031201555392497582,0.01818492747466771,0.0569026883206783,0.010098407429536991,500,5,Marketing,137,0.06569720771976055,Technical Degree,100,0.09689876311225813,30
no_salary_hike_no_attrition_no_department,xgboost,EducationBackground,positive_prediction_rate,3.0,0.2021676620216767,0.1232457877633247,0.2826585666833677,0.04263370251258425,500,5,Marketing,137,0.7372262773722628,Other,66,0.9393939393939394,30
no_salary_hike_no_attrition_no_department,xgboost,EducationBackground,positive_prediction_rate,2.0,0.19486839194868394,0.11749711629385678,0.27443998736547653,0.042856129748286655,500,5,Other,66,0.06060606060606061,Marketing,137,0.25547445255474455,30
no_salary_hike_no_attrition_no_department,xgboost,EducationBackground,positive_prediction_rate,4.0,0.01,0.0008979206049149366,0.03429663009404388,0.008238825169058188,500,5,Other,66,0.0,Technical Degree,100,0.01,30
no_salary_hike_no_attrition_no_department,xgboost,EducationBackground,precision,4.0,1.0,0.0,1.0,0.4913030913554244,487,4,Life Sciences,492,0.0,Marketing,137,1.0,30
no_salary_hike_no_attrition_no_department,xgboost,EducationBackground,precision,2.0,0.15476190476190477,0.09950471698113209,0.9,0.17454966759803425,500,5,Other,66,0.75,Medical,384,0.9047619047619048,30
no_salary_hike_no_attrition_no_department,xgboost,EducationBackground,precision,3.0,0.05993628036638787,0.034470925259626584,0.19329317196907236,0.041671314658414886,500,5,Technical Degree,100,0.8271604938271605,Other,66,0.8870967741935484,30
no_salary_hike_no_attrition_no_department,xgboost,EducationBackground,true_positive_rate,2.0,0.11538461538461542,0.07853174603174604,0.3211538461538456,0.058373164559128256,500,5,Life Sciences,492,0.8846153846153846,Other,66,1.0,30
no_salary_hike_no_attrition_no_department,xgboost,EducationBackground,true_positive_rate,4.0,0.07142857142857142,0.0,0.22670940170940151,0.06831884230841169,500,5,Life Sciences,492,0.0,Marketing,137,0.07142857142857142,30
no_salary_hike_no_attrition_no_department,xgboost,EducationBackground,true_positive_rate,3.0,0.04597264437689963,0.024312507207934476,0.1143258864932288,0.023651093811144976,500,5,Marketing,137,0.9361702127659575,Other,66,0.9821428571428571,30
no_salary_hike_no_attrition_no_department,xgboost,EmpDepartment,accuracy,,0.09842274860082534,0.042829165063485976,0.21716429144921703,0.04542183016481991,500,5,Development,361,0.8199445983379502,Finance,49,0.9183673469387755,30
no_salary_hike_no_attrition_no_department,xgboost,EmpDepartment,false_positive_rate,3.0,0.7368421052631579,0.5983822815127458,0.9344018954918033,0.08695205672945477,500,5,Finance,49,0.21052631578947367,Development,361,0.9473684210526315,30
no_salary_hike_no_attrition_no_department,xgboost,EmpDepartment,false_positive_rate,2.0,0.045454545454545456,0.028871945259042034,0.08349968314321925,0.0161942509190713,500,5,Finance,49,0.0,Sales,373,0.045454545454545456,30
no_salary_hike_no_attrition_no_department,xgboost,EmpDepartment,false_positive_rate,4.0,0.020833333333333332,0.0,0.06901427061310779,0.019030673788113225,500,5,Finance,49,0.0,Human Resources,54,0.020833333333333332,30
no_salary_hike_no_attrition_no_department,xgboost,EmpDepartment,macro_f1,,0.2688590531332467,0.18487835326803992,0.34924260648384575,0.0423286857110959,500,5,Development,361,0.37697428020008666,Finance,49,0.6458333333333334,30
no_salary_hike_no_attrition_no_department,xgboost,EmpDepartment,mean_predicted_probability,2.0,0.2210573585552573,0.15111179013763767,0.34605844747354775,0.05079863991659232,500,5,Development,361,0.056522417697890036,Finance,49,0.27757977625314734,30
no_salary_hike_no_attrition_no_department,xgboost,EmpDepartment,mean_predicted_probability,3.0,0.2129794267399565,0.1416285550589112,0.3307216977533517,0.04791906664862092,500,5,Finance,49,0.6360353991313248,Development,361,0.8490148258712813,30
no_salary_hike_no_attrition_no_department,xgboost,EmpDepartment,mean_predicted_probability,4.0,0.022675023351183973,0.014818482878664345,0.058187565415125125,0.011283192952147443,500,5,Sales,373,0.07489382071874973,Human Resources,54,0.0975688440699337,30
no_salary_hike_no_attrition_no_department,xgboost,EmpDepartment,positive_prediction_rate,2.0,0.2701113686471819,0.1962751169145507,0.41034275445986373,0.05612003644996862,500,5,Development,361,0.036011080332409975,Finance,49,0.30612244897959184,30
no_salary_hike_no_attrition_no_department,xgboost,EmpDepartment,positive_prediction_rate,3.0,0.26734128554468883,0.1960101419051433,0.4074501924763928,0.05508668698598322,500,5,Finance,49,0.6938775510204082,Development,361,0.961218836565097,30
no_salary_hike_no_attrition_no_department,xgboost,EmpDepartment,positive_prediction_rate,4.0,0.018518518518518517,0.0011613691931540377,0.06319813829787231,0.016724651387444885,500,5,Finance,49,0.0,Human Resources,54,0.018518518518518517,30
no_salary_hike_no_attrition_no_department,xgboost,EmpDepartment,precision,4.0,1.0,0.0,1.0,0.4913030913554244,487,4,Development,361,0.0,Sales,373,1.0,30
no_salary_hike_no_attrition_no_department,xgboost,EmpDepartment,precision,2.0,0.7692307692307692,0.5,1.0,0.12568706377448016,500,5,Development,361,0.23076923076923078,Finance,49,1.0,30
no_salary_hike_no_attrition_no_department,xgboost,EmpDepartment,precision,3.0,0.04514363885088912,0.03179089541254715,0.22401730284590313,0.048268777683378,500,5,Human Resources,54,0.8372093023255814,Finance,49,0.8823529411764706,30
no_salary_hike_no_attrition_no_department,xgboost,EmpDepartment,true_positive_rate,2.0,0.7692307692307692,0.5,1.0,0.12803846847748723,500,5,Development,361,0.23076923076923078,Finance,49,1.0,30
no_salary_hike_no_attrition_no_department,xgboost,EmpDepartment,true_positive_rate,3.0,0.052631578947368474,0.035189779211113846,0.1507954545454545,0.028022936960088788,500,5,Human Resources,54,0.9473684210526315,Finance,49,1.0,30
no_salary_hike_no_attrition_no_department,xgboost,EmpDepartment,true_positive_rate,4.0,0.02857142857142857,0.0,0.08426418439716307,0.026130359835121904,500,5,Development,361,0.0,Sales,373,0.02857142857142857,30
no_salary_hike_no_attrition_no_department,xgboost,Gender,accuracy,,0.023157894736842155,0.0014894747546501637,0.06823053669112432,0.01737061349230241,500,2,Male,725,0.84,Female,475,0.8631578947368421,30
no_salary_hike_no_attrition_no_department,xgboost,Gender,false_positive_rate,2.0,0.017953795379537955,0.002098027931930491,0.038828021119335976,0.009546234051807892,500,2,Female,475,0.02,Male,725,0.037953795379537955,30
no_salary_hike_no_attrition_no_department,xgboost,Gender,false_positive_rate,3.0,0.010555555555555596,0.002113520514644131,0.12957925033781012,0.03613227180334096,500,2,Female,475,0.4444444444444444,Male,725,0.455,30
no_salary_hike_no_attrition_no_department,xgboost,Gender,false_positive_rate,4.0,0.0007470994960740653,0.0,0.007736052527719193,0.002134784655242469,500,2,Female,475,0.0023584905660377358,Male,725,0.003105590062111801,30
no_salary_hike_no_attrition_no_department,xgboost,Gender,macro_f1,,0.01393697309917774,0.0008928444664510622,0.04800694885425985,0.012467755006146707,500,2,Male,725,0.5934309776086911,Female,475,0.6073679507078689,30
no_salary_hike_no_attrition_no_department,xgboost,Gender,mean_predicted_probability,3.0,0.01677286794520716,0.0013217681401753948,0.050672699850775264,0.013871602138325969,500,2,Male,725,0.7430706901925391,Female,475,0.7598435581377463,30
no_salary_hike_no_attrition_no_department,xgboost,Gender,mean_predicted_probability,2.0,0.012341474855478513,0.0009634760023074098,0.05072594464564977,0.013645209107449903,500,2,Female,475,0.155254440741831,Male,725,0.16759591559730952,30
no_salary_hike_no_attrition_no_department,xgboost,Gender,mean_predicted_probability,4.0,0.00443139143046431,0.00024308114538265058,0.014843386798860552,0.004130732212302614,500,2,Female,475,0.08490200180609364,Male,725,0.08933339323655795,30
no_salary_hike_no_attrition_no_department,xgboost,Gender,positive_prediction_rate,3.0,0.019237749546279437,0.0014859448364935106,0.06231207787443886,0.016866682908121277,500,2,Male,725,0.8165517241379311,Female,475,0.8357894736842105,30
no_salary_hike_no_attrition_no_department,xgboost,Gender,positive_prediction_rate,2.0,0.01720508166969148,0.001105187253620172,0.06031162428191114,0.016229770035673118,500,2,Female,475,0.16210526315789472,Male,725,0.1793103448275862,30
no_salary_hike_no_attrition_no_department,xgboost,Gender,positive_prediction_rate,4.0,0.002032667876588022,6.867357354144479e-06,0.008397778691896339,0.0022562490690856965,500,2,Female,475,0.002105263157894737,Male,725,0.004137931034482759,30
no_salary_hike_no_attrition_no_department,xgboost,Gender,precision,4.0,0.3333333333333333,0.0,1.0,0.2971635879360216,487,2,Female,475,0.0,Male,725,0.3333333333333333,30
no_salary_hike_no_attrition_no_department,xgboost,Gender,precision,2.0,0.07302697302697303,0.004890659747961474,0.16796444144091194,0.04336152414922487,500,2,Male,725,0.823076923076923,Female,475,0.8961038961038961,30
no_salary_hike_no_attrition_no_department,xgboost,Gender,precision,3.0,0.012658281707400132,0.0007975066335056903,0.06055243428783793,0.015819819371526402,500,2,Male,725,0.8462837837837838,Female,475,0.8589420654911839,30
no_salary_hike_no_attrition_no_department,xgboost,Gender,true_positive_rate,3.0,0.02279164961113389,0.001327493192535112,0.045224949424347925,0.011702556836743127,500,2,Male,725,0.9542857142857143,Female,475,0.9770773638968482,30
no_salary_hike_no_attrition_no_department,xgboost,Gender,true_positive_rate,2.0,0.020840336134453796,0.002224772665253544,0.11171871886635251,0.030138698704269037,500,2,Male,725,0.8991596638655462,Female,475,0.92,30
no_salary_hike_no_attrition_no_department,xgboost,Gender,true_positive_rate,4.0,0.012345679012345678,0.0,0.03800480769230767,0.011476841392392,500,2,Female,475,0.0,Male,725,0.012345679012345678,30
no_salary_hike_no_attrition_no_department,xgboost,MaritalStatus,accuracy,,0.023398631840796047,0.005706530644624364,0.07957251552160557,0.020087880643917616,500,3,Single,384,0.8385416666666666,Divorced,268,0.8619402985074627,30
no_salary_hike_no_attrition_no_department,xgboost,MaritalStatus,false_positive_rate,3.0,0.09999999999999998,0.03310977621052248,0.2484067805605818,0.05683304970651756,500,3,Married,548,0.4,Single,384,0.5,30
no_salary_hike_no_attrition_no_department,xgboost,MaritalStatus,false_positive_rate,2.0,0.02509469696969697,0.0049676996928976255,0.04910250871634884,0.010973102540210866,500,3,Divorced,268,0.017316017316017316,Married,548,0.04241071428571429,30
no_salary_hike_no_attrition_no_department,xgboost,MaritalStatus,false_positive_rate,4.0,0.008264462809917356,0.0,0.022083333333333326,0.005770064650660419,500,3,Single,384,0.0,Divorced,268,0.008264462809917356,30
no_salary_hike_no_attrition_no_department,xgboost,MaritalStatus,macro_f1,,0.004130482145206393,0.004336967231832922,0.053456469283451345,0.013628142617467849,500,3,Divorced,268,0.5972182858342517,Married,548,0.6013487679794581,30
no_salary_hike_no_attrition_no_department,xgboost,MaritalStatus,mean_predicted_probability,2.0,0.05481794973668824,0.02094052256833516,0.09650196267659014,0.02069191177043261,500,3,Divorced,268,0.13161167702095714,Married,548,0.18642962675764538,30
no_salary_hike_no_attrition_no_department,xgboost,MaritalStatus,mean_predicted_probability,3.0,0.04298054629173609,0.01563568807778019,0.08365271910455975,0.018161046774890492,500,3,Married,548,0.7302145608768792,Divorced,268,0.7731951071686153,30
no_salary_hike_no_attrition_no_department,xgboost,MaritalStatus,mean_predicted_probability,4.0,0.011837404380183145,0.002812455567713874,0.027393152772449927,0.006492214676982295,500,3,Married,548,0.0833558113716566,Divorced,268,0.09519321575183974,30
no_salary_hike_no_attrition_no_department,xgboost,MaritalStatus,positive_prediction_rate,2.0,0.06640156879834405,0.02551211014311868,0.11589311451906868,0.02392660653944346,500,3,Divorced,268,0.13432835820895522,Married,548,0.20072992700729927,30
no_salary_hike_no_attrition_no_department,xgboost,MaritalStatus,positive_prediction_rate,3.0,0.06258851726767622,0.025029451955596443,0.11311579006567737,0.023433710561492946,500,3,Married,548,0.7956204379562044,Divorced,268,0.8582089552238806,30
no_salary_hike_no_attrition_no_department,xgboost,MaritalStatus,positive_prediction_rate,4.0,0.007462686567164179,0.00082179930795848,0.020132883101739375,0.004945239435910922,500,3,Single,384,0.0,Divorced,268,0.007462686567164179,30
no_salary_hike_no_attrition_no_department,xgboost,MaritalStatus,precision,4.0,0.5,0.0,1.0,0.39786435876406395,487,2,Divorced,268,0.0,Married,548,0.5,30
no_salary_hike_no_attrition_no_department,xgboost,MaritalStatus,precision,2.0,0.06161616161616157,0.02309159845750459,0.19023297491039426,0.0451576950537517,500,3,Married,548,0.8272727272727273,Divorced,268,0.8888888888888888,30
no_salary_hike_no_attrition_no_department,xgboost,MaritalStatus,precision,3.0,0.03240005384304756,0.008218733547545976,0.09598389287398945,0.023781695754506272,500,3,Single,384,0.8328173374613003,Divorced,268,0.8652173913043478,30
no_salary_hike_no_attrition_no_department,xgboost,MaritalStatus,true_positive_rate,2.0,0.06495969653864386,0.01407667151162798,0.18898073022312373,0.04824943000026595,500,3,Divorced,268,0.8648648648648649,Single,384,0.9298245614035088,30
no_salary_hike_no_attrition_no_department,xgboost,MaritalStatus,true_positive_rate,3.0,0.022983737139064098,0.006130205226192592,0.051890105141078016,0.011888856866756002,500,3,Married,548,0.9516539440203562,Single,384,0.9746376811594203,30
no_salary_hike_no_attrition_no_department,xgboost,MaritalStatus,true_positive_rate,4.0,0.01818181818181818,0.0,0.055163409703503974,0.016790653886270258,500,3,Divorced,268,0.0,Married,548,0.01818181818181818,30
no_salary_hike_no_attrition_no_department_no_job_role,xgboost,BusinessTravelFrequency,accuracy,,0.06608639587362986,0.016888186230647723,0.15396369791294995,0.03508266868886674,500,3,Non-Travel,132,0.7424242424242424,Travel_Rarely,846,0.8085106382978723,30
no_salary_hike_no_attrition_no_department_no_job_role,xgboost,BusinessTravelFrequency,false_positive_rate,3.0,0.09351432880844646,0.02140942028985508,0.29601237446197987,0.07188648501654113,500,3,Travel_Frequently,222,0.47058823529411764,Non-Travel,132,0.5641025641025641,30
no_salary_hike_no_attrition_no_department_no_job_role,xgboost,BusinessTravelFrequency,false_positive_rate,4.0,0.01845209353659378,0.0026667912372990337,0.055836985236985236,0.014576242390523738,500,3,Travel_Rarely,846,0.007863695937090432,Non-Travel,132,0.02631578947368421,30
no_salary_hike_no_attrition_no_department_no_job_role,xgboost,BusinessTravelFrequency,false_positive_rate,2.0,0.01629234868671489,0.00415353371385297,0.07890121974333106,0.01950556299447231,500,3,Travel_Rarely,846,0.0647887323943662,Non-Travel,132,0.08108108108108109,30
no_salary_hike_no_attrition_no_department_no_job_role,xgboost,BusinessTravelFrequency,macro_f1,,0.07280909171156869,0.014813727969505242,0.16131746171778208,0.03919569348729697,500,3,Non-Travel,132,0.5166449558546823,Travel_Frequently,222,0.589454047566251,30
no_salary_hike_no_attrition_no_department_no_job_role,xgboost,BusinessTravelFrequency,mean_predicted_probability,3.0,0.03464749132205491,0.0101290414029716,0.08949800039799663,0.020886079746748568,500,3,Travel_Frequently,222,0.7226023870847516,Travel_Rarely,846,0.7572498784068065,30
no_salary_hike_no_attrition_no_department_no_job_role,xgboost,BusinessTravelFrequency,mean_predicted_probability,4.0,0.01734906601738659,0.007493461738706672,0.0402070220673303,0.008171190828047212,500,3,Travel_Rarely,846,0.08330927584204714,Travel_Frequently,222,0.10065834185943373,30
no_salary_hike_no_attrition_no_department_no_job_role,xgboost,BusinessTravelFrequency,mean_predicted_probability,2.0,0.017298422062342472,0.008329156452533256,0.08655606373382703,0.02105435443241578,500,3,Travel_Rarely,846,0.15944084646959986,Travel_Frequently,222,0.17673926853194233,30
no_salary_hike_no_attrition_no_department_no_job_role,xgboost,BusinessTravelFrequency,positive_prediction_rate,3.0,0.037281962813877745,0.012967338339782376,0.11427816898675007,0.028136737202263392,500,3,Travel_Frequently,222,0.7747747747747747,Travel_Rarely,846,0.8120567375886525,30
no_salary_hike_no_attrition_no_department_no_job_role,xgboost,BusinessTravelFrequency,positive_prediction_rate,2.0,0.026356143377419955,0.009610111700234696,0.10889030951543435,0.027309746989603634,500,3,Travel_Rarely,846,0.18085106382978725,Travel_Frequently,222,0.2072072072072072,30
no_salary_hike_no_attrition_no_department_no_job_role,xgboost,BusinessTravelFrequency,positive_prediction_rate,4.0,0.015635074145712444,0.004255304143597408,0.04892517389887653,0.01137768327664897,500,3,Travel_Rarely,846,0.0070921985815602835,Non-Travel,132,0.022727272727272728,30
no_salary_hike_no_attrition_no_department_no_job_role,xgboost,BusinessTravelFrequency,precision,4.0,0.5,0.0,1.0,0.29058052047272276,500,3,Non-Travel,132,0.0,Travel_Frequently,222,0.5,30
no_salary_hike_no_attrition_no_department_no_job_role,xgboost,BusinessTravelFrequency,precision,2.0,0.0635451505016722,0.019903963414634136,0.31847543594902744,0.07858784494182146,500,3,Non-Travel,132,0.6538461538461539,Travel_Frequently,222,0.717391304347826,30
no_salary_hike_no_attrition_no_department_no_job_role,xgboost,BusinessTravelFrequency,precision,3.0,0.05347578468365344,0.015448484992409528,0.14027155484011747,0.03374976766382475,500,3,Non-Travel,132,0.7864077669902912,Travel_Rarely,846,0.8398835516739447,30
no_salary_hike_no_attrition_no_department_no_job_role,xgboost,BusinessTravelFrequency,true_positive_rate,2.0,0.10512718600953896,0.023918227437964228,0.30394551389043434,0.06817830925853313,500,3,Travel_Rarely,846,0.7867647058823529,Travel_Frequently,222,0.8918918918918919,30
no_salary_hike_no_attrition_no_department_no_job_role,xgboost,BusinessTravelFrequency,true_positive_rate,4.0,0.06451612903225806,0.0,0.16411290322580632,0.04497108687264862,500,3,Non-Travel,132,0.0,Travel_Frequently,222,0.06451612903225806,30
no_salary_hike_no_attrition_no_department_no_job_role,xgboost,BusinessTravelFrequency,true_positive_rate,3.0,0.04928744147759423,0.014055215617715661,0.12459867411687722,0.030412437932759162,500,3,Non-Travel,132,0.8709677419354839,Travel_Rarely,846,0.9202551834130781,30
no_salary_hike_no_attrition_no_department_no_job_role,xgboost,EducationBackground,accuracy,,0.07170731707317068,0.04815970092833589,0.17313685725657937,0.0325596283714253,500,5,Life Sciences,492,0.7682926829268293,Technical Degree,100,0.84,30
no_salary_hike_no_attrition_no_department_no_job_role,xgboost,EducationBackground,false_positive_rate,3.0,0.45116279069767445,0.23496278620328434,0.7463973063973061,0.13413700349246838,500,5,Marketing,137,0.3488372093023256,Other,66,0.8,30
no_salary_hike_no_attrition_no_department_no_job_role,xgboost,EducationBackground,false_positive_rate,2.0,0.04554023801107577,0.030686306521347507,0.10112982582041986,0.01906465122062287,500,5,Technical Degree,100,0.036585365853658534,Life Sciences,492,0.0821256038647343,30
no_salary_hike_no_attrition_no_department_no_job_role,xgboost,EducationBackground,false_positive_rate,4.0,0.022727272727272728,0.009702830188679247,0.05787351207030808,0.012785552153868004,500,5,Other,66,0.0,Technical Degree,100,0.022727272727272728,30
no_salary_hike_no_attrition_no_department_no_job_role,xgboost,EducationBackground,macro_f1,,0.19425194425194425,0.07237871412912228,0.4111358858056654,0.09052105969579839,500,5,Other,66,0.4686609686609686,Technical Degree,100,0.6629129129129129,30
no_salary_hike_no_attrition_no_department_no_job_role,xgboost,EducationBackground,mean_predicted_probability,2.0,0.14194962766164076,0.08579008712328871,0.22046453504708247,0.03518200942393276,500,5,Other,66,0.06468288693698311,Marketing,137,0.2066325145986239,30
no_salary_hike_no_attrition_no_department_no_job_role,xgboost,EducationBackground,mean_predicted_probability,3.0,0.1386351598024178,0.09091232430090244,0.2158844169247565,0.032276927170242574,500,5,Marketing,137,0.7199159620506485,Other,66,0.8585511218530663,30
no_salary_hike_no_attrition_no_department_no_job_role,xgboost,EducationBackground,mean_predicted_probability,4.0,0.02605585357417306,0.014854906368185903,0.0595636257171617,0.0113671226479726,500,5,Marketing,137,0.07345152631857475,Technical Degree,100,0.09950737989274781,30
no_salary_hike_no_attrition_no_department_no_job_role,xgboost,EducationBackground,positive_prediction_rate,3.0,0.17971687679716875,0.10871363385718227,0.2839784475478474,0.045409424223281404,500,5,Marketing,137,0.7445255474452555,Other,66,0.9242424242424242,30
no_salary_hike_no_attrition_no_department_no_job_role,xgboost,EducationBackground,positive_prediction_rate,2.0,0.17241760672417605,0.09850398254228042,0.27063164745517315,0.04429618069838718,500,5,Other,66,0.07575757575757576,Marketing,137,0.24817518248175183,30
no_salary_hike_no_attrition_no_department_no_job_role,xgboost,EducationBackground,positive_prediction_rate,4.0,0.04,0.010880813678128256,0.08343070980202796,0.01821984317089221,500,5,Other,66,0.0,Technical Degree,100,0.04,30
no_salary_hike_no_attrition_no_department_no_job_role,xgboost,EducationBackground,precision,4.0,0.5,0.0,1.0,0.2935147803753076,500,4,Life Sciences,492,0.0,Technical Degree,100,0.5,30
no_salary_hike_no_attrition_no_department_no_job_role,xgboost,EducationBackground,precision,2.0,0.43333333333333335,0.16275408878504677,0.8987820512820512,0.19698829090349215,500,5,Other,66,0.4,Technical Degree,100,0.8333333333333334,30
no_salary_hike_no_attrition_no_department_no_job_role,xgboost,EducationBackground,precision,3.0,0.0581107710368538,0.0376275917065391,0.15826600724856535,0.032896175637219874,500,5,Life Sciences,492,0.8107416879795396,Other,66,0.8688524590163934,30
no_salary_hike_no_attrition_no_department_no_job_role,xgboost,EducationBackground,true_positive_rate,2.0,0.26436781609195403,0.1532565499922332,0.9480743243243243,0.19986111061505743,500,5,Other,66,0.6666666666666666,Marketing,137,0.9310344827586207,30
no_salary_hike_no_attrition_no_department_no_job_role,xgboost,EducationBackground,true_positive_rate,4.0,0.16666666666666666,0.0,0.4,0.11114619787191368,500,5,Life Sciences,492,0.0,Technical Degree,100,0.16666666666666666,30
no_salary_hike_no_attrition_no_department_no_job_role,xgboost,EducationBackground,true_positive_rate,3.0,0.0691876750700281,0.042841574386716826,0.13090424839699788,0.022873224813770722,500,5,Life Sciences,492,0.8879551820728291,Technical Degree,100,0.9571428571428572,30
no_salary_hike_no_attrition_no_department_no_job_role,xgboost,EmpDepartment,accuracy,,0.1286110011871784,0.07547757828077782,0.23377866670959288,0.04040783441356116,500,5,Development,361,0.7285318559556787,Finance,49,0.8571428571428571,30
no_salary_hike_no_attrition_no_department_no_job_role,xgboost,EmpDepartment,false_positive_rate,3.0,0.4210526315789474,0.30939666394211846,0.6833409645909646,0.0936484214581153,500,5,Finance,49,0.3684210526315789,Development,361,0.7894736842105263,30
no_salary_hike_no_attrition_no_department_no_job_role,xgboost,EmpDepartment,false_positive_rate,2.0,0.14080459770114942,0.10818713450292397,0.1779470287479129,0.018267642558237596,500,5,Finance,49,0.0,Development,361,0.14080459770114942,30
no_salary_hike_no_attrition_no_department_no_job_role,xgboost,EmpDepartment,false_positive_rate,4.0,0.020833333333333332,0.00887249967172933,0.07063953488372089,0.015687883604054327,500,5,Finance,49,0.0,Human Resources,54,0.020833333333333332,30
no_salary_hike_no_attrition_no_department_no_job_role,xgboost,EmpDepartment,macro_f1,,0.21481302816132547,0.17440107079804562,0.3025256866466538,0.032861175117975636,500,5,Development,361,0.37999073082153795,Finance,49,0.5948037589828634,30
no_salary_hike_no_attrition_no_department_no_job_role,xgboost,EmpDepartment,mean_predicted_probability,3.0,0.059710581838264165,0.03627061742689333,0.15687675772248508,0.031144847799867106,500,5,Finance,49,0.7122978503454704,Development,361,0.7720084321837346,30
no_salary_hike_no_attrition_no_department_no_job_role,xgboost,EmpDepartment,mean_predicted_probability,2.0,0.056334669959239775,0.03646407096240486,0.1731267830346426,0.03603089640712044,500,5,Development,361,0.14217413604889775,Finance,49,0.19850880600813753,30
no_salary_hike_no_attrition_no_department_no_job_role,xgboost,EmpDepartment,mean_predicted_probability,4.0,0.022000101922337714,0.00963564296475909,0.061887351157111914,0.014645697052815933,500,5,Development,361,0.08581743042572937,Human Resources,54,0.10781753234806708,30
no_salary_hike_no_attrition_no_department_no_job_role,xgboost,EmpDepartment,positive_prediction_rate,2.0,0.07871720116618075,0.0521532415109916,0.2440556402786059,0.04905300171178546,500,5,Research & Development,343,0.1661807580174927,Finance,49,0.24489795918367346,30
no_salary_hike_no_attrition_no_department_no_job_role,xgboost,EmpDepartment,positive_prediction_rate,3.0,0.06997084548104959,0.05116380429871102,0.23481898907103826,0.046063631898071986,500,5,Finance,49,0.7551020408163265,Research & Development,343,0.8250728862973761,30
no_salary_hike_no_attrition_no_department_no_job_role,xgboost,EmpDepartment,positive_prediction_rate,4.0,0.018518518518518517,0.009225852272727273,0.06319813829787231,0.013361783433327544,500,5,Finance,49,0.0,Human Resources,54,0.018518518518518517,30
no_salary_hike_no_attrition_no_department_no_job_role,xgboost,EmpDepartment,precision,2.0,0.8166666666666667,0.6973044397463003,0.9168886198547215,0.056613805005403604,500,5,Development,361,0.18333333333333332,Finance,49,1.0,30
no_salary_hike_no_attrition_no_department_no_job_role,xgboost,EmpDepartment,precision,4.0,0.3333333333333333,0.0,1.0,0.2697968192267447,500,4,Development,361,0.0,Research & Development,343,0.3333333333333333,30
no_salary_hike_no_attrition_no_department_no_job_role,xgboost,EmpDepartment,precision,3.0,0.042831138237498734,0.040003474786083515,0.21703124999999998,0.046453225311567835,500,5,Research & Development,343,0.8056537102473498,Development,361,0.8484848484848485,30
no_salary_hike_no_attrition_no_department_no_job_role,xgboost,EmpDepartment,true_positive_rate,3.0,0.17105263157894735,0.13474551522172182,0.21777119585338756,0.021298935959725672,500,5,Development,361,0.8289473684210527,Finance,49,1.0,30
no_salary_hike_no_attrition_no_department_no_job_role,xgboost,EmpDepartment,true_positive_rate,2.0,0.06674208144796379,0.08225574712643678,0.4497474747474745,0.09322756659949309,500,5,Research & Development,343,0.7794117647058824,Development,361,0.8461538461538461,30
no_salary_hike_no_attrition_no_department_no_job_role,xgboost,EmpDepartment,true_positive_rate,4.0,0.02857142857142857,0.0,0.1,0.026443791619619742,500,5,Development,361,0.0,Sales,373,0.02857142857142857,30
no_salary_hike_no_attrition_no_department_no_job_role,xgboost,Gender,accuracy,,0.025045372050816694,0.0015056101980539028,0.06794072597749322,0.018076819624657656,500,2,Male,725,0.7875862068965517,Female,475,0.8126315789473684,30
no_salary_hike_no_attrition_no_department_no_job_role,xgboost,Gender,false_positive_rate,3.0,0.030873015873015885,0.0029249969239421598,0.13646105102290665,0.037383087485236284,500,2,Female,475,0.48412698412698413,Male,725,0.515,30
no_salary_hike_no_attrition_no_department_no_job_role,xgboost,Gender,false_positive_rate,2.0,0.01675742574257425,0.001210754545714552,0.04770193968909723,0.01247164932542571,500,2,Female,475,0.0575,Male,725,0.07425742574257425,30
no_salary_hike_no_attrition_no_department_no_job_role,xgboost,Gender,false_positive_rate,4.0,0.002475682643853276,0.00014324690833194436,0.015452845455256251,0.004006640220175085,500,2,Male,725,0.009316770186335404,Female,475,0.01179245283018868,30
no_salary_hike_no_attrition_no_department_no_job_role,xgboost,Gender,macro_f1,,0.042612454611987594,0.0026181747019414204,0.09171921983152474,0.0235852789299581,500,2,Male,725,0.5319698580568146,Female,475,0.5745823126688022,30
no_salary_hike_no_attrition_no_department_no_job_role,xgboost,Gender,mean_predicted_probability,3.0,0.004570663798255659,0.0007111942183206793,0.042229758255229025,0.010847691368840515,500,2,Male,725,0.7465878323902344,Female,475,0.7511584961884901,30
no_salary_hike_no_attrition_no_department_no_job_role,xgboost,Gender,mean_predicted_probability,2.0,0.0032263434431192284,0.0008419704785155478,0.04235904286333815,0.010886786403146973,500,2,Female,475,0.16144912795595653,Male,725,0.16467547139907576,30
no_salary_hike_no_attrition_no_department_no_job_role,xgboost,Gender,mean_predicted_probability,4.0,0.001344317303845377,0.0001825343553070562,0.013708502421395999,0.0036539388064411953,500,2,Female,475,0.08739237793794781,Male,725,0.08873669524179319,30
no_salary_hike_no_attrition_no_department_no_job_role,xgboost,Gender,positive_prediction_rate,2.0,0.014156079854809434,0.0007790278290903125,0.05730287272494953,0.015865992627474727,500,2,Female,475,0.17894736842105263,Male,725,0.19310344827586207,30
no_salary_hike_no_attrition_no_department_no_job_role,xgboost,Gender,positive_prediction_rate,3.0,0.007695099818511797,0.0005630584821489148,0.056009376990766725,0.014788429237322634,500,2,Male,725,0.7986206896551724,Female,475,0.8063157894736842,30
no_salary_hike_no_attrition_no_department_no_job_role,xgboost,Gender,positive_prediction_rate,4.0,0.00646098003629764,0.0003226660148579984,0.019112505312350325,0.005117287051261088,500,2,Male,725,0.008275862068965517,Female,475,0.014736842105263158,30
no_salary_hike_no_attrition_no_department_no_job_role,xgboost,Gender,precision,4.0,0.2857142857142857,0.0,0.6666666666666666,0.18965447509202704,500,2,Male,725,0.0,Female,475,0.2857142857142857,30
no_salary_hike_no_attrition_no_department_no_job_role,xgboost,Gender,precision,2.0,0.05084033613445371,0.0037355578921325406,0.1683599803557786,0.04785422921183526,500,2,Male,725,0.6785714285714286,Female,475,0.7294117647058823,30
no_salary_hike_no_attrition_no_department_no_job_role,xgboost,Gender,precision,3.0,0.018623989321644885,0.0008919080828961453,0.062466870524380894,0.017216232810256523,500,2,Male,725,0.8221070811744386,Female,475,0.8407310704960835,30
no_salary_hike_no_attrition_no_department_no_job_role,xgboost,Gender,true_positive_rate,4.0,0.0392156862745098,0.0,0.1,0.028506572519351937,500,2,Male,725,0.0,Female,475,0.0392156862745098,30
no_salary_hike_no_attrition_no_department_no_job_role,xgboost,Gender,true_positive_rate,2.0,0.028347338935574173,0.0014977171935101037,0.14378955067543153,0.03911040528796539,500,2,Male,725,0.7983193277310925,Female,475,0.8266666666666667,30
no_salary_hike_no_attrition_no_department_no_job_role,xgboost,Gender,true_positive_rate,3.0,0.015969436485195887,0.000757887246079636,0.050912247580886895,0.014033616852614937,500,2,Male,725,0.9066666666666666,Female,475,0.9226361031518625,30
no_salary_hike_no_attrition_no_department_no_job_role,xgboost,MaritalStatus,accuracy,,0.032574354504848024,0.00824963674323129,0.09228875399058083,0.022908651266095315,500,3,Married,548,0.7883211678832117,Divorced,268,0.8208955223880597,30
no_salary_hike_no_attrition_no_department_no_job_role,xgboost,MaritalStatus,false_positive_rate,3.0,0.0910394265232975,0.024222847712063636,0.2362044110723587,0.0551207900545429,500,3,Married,548,0.4645161290322581,Single,384,0.5555555555555556,30
no_salary_hike_no_attrition_no_department_no_job_role,xgboost,MaritalStatus,false_positive_rate,2.0,0.02754341415465268,0.009577746614503533,0.06896416017582066,0.014872006988730611,500,3,Single,384,0.05504587155963303,Married,548,0.08258928571428571,30
no_salary_hike_no_attrition_no_department_no_job_role,xgboost,MaritalStatus,false_positive_rate,4.0,0.011195779958457443,0.004036141132378845,0.02787915853112573,0.006370247905917659,500,3,Single,384,0.003003003003003003,Married,548,0.014198782961460446,30
no_salary_hike_no_attrition_no_department_no_job_role,xgboost,MaritalStatus,macro_f1,,0.025467984892487472,0.007418953350567206,0.08959798190720974,0.021401309567368097,500,3,Married,548,0.5359180510033523,Single,384,0.5613860358958398,30
no_salary_hike_no_attrition_no_department_no_job_role,xgboost,MaritalStatus,mean_predicted_probability,2.0,0.04217599055140264,0.02004668685182979,0.09007364813114534,0.018543022197659555,500,3,Divorced,268,0.14379461467354698,Married,548,0.18597060522494963,30
no_salary_hike_no_attrition_no_department_no_job_role,xgboost,MaritalStatus,mean_predicted_probability,3.0,0.034765283958751336,0.01577079355799517,0.08122402840881975,0.01730126875337196,500,3,Married,548,0.7297724882535038,Single,384,0.7645377722122552,30
no_salary_hike_no_attrition_no_department_no_job_role,xgboost,MaritalStatus,mean_predicted_probability,4.0,0.008595359242221268,0.001840831180091743,0.02364588678954801,0.005646085910864787,500,3,Married,548,0.08425690762802315,Divorced,268,0.09285226687024442,30
no_salary_hike_no_attrition_no_department_no_job_role,xgboost,MaritalStatus,positive_prediction_rate,3.0,0.0606561739659367,0.027945508249673838,0.1202158739529518,0.023758773542914537,500,3,Married,548,0.7700729927007299,Single,384,0.8307291666666666,30
no_salary_hike_no_attrition_no_department_no_job_role,xgboost,MaritalStatus,positive_prediction_rate,2.0,0.055694951338199516,0.025575590884109586,0.1147997633836143,0.023117283949178155,500,3,Single,384,0.16145833333333334,Married,548,0.21715328467153286,30
no_salary_hike_no_attrition_no_department_no_job_role,xgboost,MaritalStatus,positive_prediction_rate,4.0,0.004961222627737226,0.001567643014069126,0.02182841806558774,0.005431642607445804,500,3,Single,384,0.0078125,Married,548,0.012773722627737226,30
no_salary_hike_no_attrition_no_department_no_job_role,xgboost,MaritalStatus,precision,4.0,0.6666666666666666,0.0,1.0,0.34277936711874535,500,3,Divorced,268,0.0,Single,384,0.6666666666666666,30
no_salary_hike_no_attrition_no_department_no_job_role,xgboost,MaritalStatus,precision,3.0,0.04329139420417305,0.008506773965495923,0.10571289938049688,0.024575222667317893,500,3,Single,384,0.8119122257053292,Divorced,268,0.8552036199095022,30
no_salary_hike_no_attrition_no_department_no_job_role,xgboost,MaritalStatus,precision,2.0,0.02060178910273791,0.018681207446892185,0.21513888888888877,0.05264339372753933,500,3,Married,548,0.6890756302521008,Single,384,0.7096774193548387,30
no_salary_hike_no_attrition_no_department_no_job_role,xgboost,MaritalStatus,true_positive_rate,2.0,0.06590801327643436,0.021159014557670823,0.21977272727272726,0.05459409827931004,500,3,Single,384,0.7719298245614035,Divorced,268,0.8378378378378378,30
no_salary_hike_no_attrition_no_department_no_job_role,xgboost,MaritalStatus,true_positive_rate,3.0,0.04782055537116936,0.019325332006331804,0.09155721827974514,0.018416202495754003,500,3,Married,548,0.8905852417302799,Single,384,0.9384057971014492,30
no_salary_hike_no_attrition_no_department_no_job_role,xgboost,MaritalStatus,true_positive_rate,4.0,0.0392156862745098,0.0,0.10416666666666667,0.027767390653100448,500,3,Divorced,268,0.0,Single,384,0.0392156862745098,30
