run_id,policy_contract_sha256,scientific_input_sha256,fold_contract_hash,estimand,policy_id,policy_name,n_features,model_name,metric,value
phase1d_v3_20260904T063324Z_823c848,d10c6f6c5e3a61e3895220f4d43a8d682e4d98c83b165f6694b20570ae950d22,79bbbca3911c164daa85ab2dde3f8a45a7cf19af83856f104703a01b08e3a811,c1300316fe5baec24e789c06aec35dd4f283fa4843b71c7aab1edbf4818f8e91,fixed_primary_schedule_feature_access_sensitivity,P0,INFORMATION_RICH_DIAGNOSTIC,26,xgboost,accuracy,0.925
phase1d_v3_20260904T063324Z_823c848,d10c6f6c5e3a61e3895220f4d43a8d682e4d98c83b165f6694b20570ae950d22,79bbbca3911c164daa85ab2dde3f8a45a7cf19af83856f104703a01b08e3a811,c1300316fe5baec24e789c06aec35dd4f283fa4843b71c7aab1edbf4818f8e91,fixed_primary_schedule_feature_access_sensitivity,P0,INFORMATION_RICH_DIAGNOSTIC,26,xgboost,adjacent_accuracy,0.9975
phase1d_v3_20260904T063324Z_823c848,d10c6f6c5e3a61e3895220f4d43a8d682e4d98c83b165f6694b20570ae950d22,79bbbca3911c164daa85ab2dde3f8a45a7cf19af83856f104703a01b08e3a811,c1300316fe5baec24e789c06aec35dd4f283fa4843b71c7aab1edbf4818f8e91,fixed_primary_schedule_feature_access_sensitivity,P0,INFORMATION_RICH_DIAGNOSTIC,26,xgboost,balanced_accuracy,0.8982051399364853
phase1d_v3_20260904T063324Z_823c848,d10c6f6c5e3a61e3895220f4d43a8d682e4d98c83b165f6694b20570ae950d22,79bbbca3911c164daa85ab2dde3f8a45a7cf19af83856f104703a01b08e3a811,c1300316fe5baec24e789c06aec35dd4f283fa4843b71c7aab1edbf4818f8e91,fixed_primary_schedule_feature_access_sensitivity,P0,INFORMATION_RICH_DIAGNOSTIC,26,xgboost,ece_confidence,0.01852490407812057
phase1d_v3_20260904T063324Z_823c848,d10c6f6c5e3a61e3895220f4d43a8d682e4d98c83b165f6694b20570ae950d22,79bbbca3911c164daa85ab2dde3f8a45a7cf19af83856f104703a01b08e3a811,c1300316fe5baec24e789c06aec35dd4f283fa4843b71c7aab1edbf4818f8e91,fixed_primary_schedule_feature_access_sensitivity,P0,INFORMATION_RICH_DIAGNOSTIC,26,xgboost,macro_f1,0.8913552207839571
phase1d_v3_20260904T063324Z_823c848,d10c6f6c5e3a61e3895220f4d43a8d682e4d98c83b165f6694b20570ae950d22,79bbbca3911c164daa85ab2dde3f8a45a7cf19af83856f104703a01b08e3a811,c1300316fe5baec24e789c06aec35dd4f283fa4843b71c7aab1edbf4818f8e91,fixed_primary_schedule_feature_access_sensitivity,P0,INFORMATION_RICH_DIAGNOSTIC,26,xgboost,macro_precision,0.8859349039034362
phase1d_v3_20260904T063324Z_823c848,d10c6f6c5e3a61e3895220f4d43a8d682e4d98c83b165f6694b20570ae950d22,79bbbca3911c164daa85ab2dde3f8a45a7cf19af83856f104703a01b08e3a811,c1300316fe5baec24e789c06aec35dd4f283fa4843b71c7aab1edbf4818f8e91,fixed_primary_schedule_feature_access_sensitivity,P0,INFORMATION_RICH_DIAGNOSTIC,26,xgboost,macro_recall,0.8982051399364853
phase1d_v3_20260904T063324Z_823c848,d10c6f6c5e3a61e3895220f4d43a8d682e4d98c83b165f6694b20570ae950d22,79bbbca3911c164daa85ab2dde3f8a45a7cf19af83856f104703a01b08e3a811,c1300316fe5baec24e789c06aec35dd4f283fa4843b71c7aab1edbf4818f8e91,fixed_primary_schedule_feature_access_sensitivity,P0,INFORMATION_RICH_DIAGNOSTIC,26,xgboost,multiclass_brier,0.11929362111659426
phase1d_v3_20260904T063324Z_823c848,d10c6f6c5e3a61e3895220f4d43a8d682e4d98c83b165f6694b20570ae950d22,79bbbca3911c164daa85ab2dde3f8a45a7cf19af83856f104703a01b08e3a811,c1300316fe5baec24e789c06aec35dd4f283fa4843b71c7aab1edbf4818f8e91,fixed_primary_schedule_feature_access_sensitivity,P0,INFORMATION_RICH_DIAGNOSTIC,26,xgboost,nll_log_loss,0.22238920521432373
phase1d_v3_20260904T063324Z_823c848,d10c6f6c5e3a61e3895220f4d43a8d682e4d98c83b165f6694b20570ae950d22,79bbbca3911c164daa85ab2dde3f8a45a7cf19af83856f104703a01b08e3a811,c1300316fe5baec24e789c06aec35dd4f283fa4843b71c7aab1edbf4818f8e91,fixed_primary_schedule_feature_access_sensitivity,P0,INFORMATION_RICH_DIAGNOSTIC,26,xgboost,ordinal_mae,0.0775
phase1d_v3_20260904T063324Z_823c848,d10c6f6c5e3a61e3895220f4d43a8d682e4d98c83b165f6694b20570ae950d22,79bbbca3911c164daa85ab2dde3f8a45a7cf19af83856f104703a01b08e3a811,c1300316fe5baec24e789c06aec35dd4f283fa4843b71c7aab1edbf4818f8e91,fixed_primary_schedule_feature_access_sensitivity,P0,INFORMATION_RICH_DIAGNOSTIC,26,xgboost,quadratic_weighted_kappa,0.8495935988656218
phase1d_v3_20260904T063324Z_823c848,d10c6f6c5e3a61e3895220f4d43a8d682e4d98c83b165f6694b20570ae950d22,79bbbca3911c164daa85ab2dde3f8a45a7cf19af83856f104703a01b08e3a811,c1300316fe5baec24e789c06aec35dd4f283fa4843b71c7aab1edbf4818f8e91,fixed_primary_schedule_feature_access_sensitivity,P0,INFORMATION_RICH_DIAGNOSTIC,26,xgboost,ranked_probability_score,0.030473415494987475
phase1d_v3_20260904T063324Z_823c848,d10c6f6c5e3a61e3895220f4d43a8d682e4d98c83b165f6694b20570ae950d22,79bbbca3911c164daa85ab2dde3f8a45a7cf19af83856f104703a01b08e3a811,c1300316fe5baec24e789c06aec35dd4f283fa4843b71c7aab1edbf4818f8e91,fixed_primary_schedule_feature_access_sensitivity,P0,INFORMATION_RICH_DIAGNOSTIC,26,xgboost,two_level_reversal_rate,0.0025
phase1d_v3_20260904T063324Z_823c848,d10c6f6c5e3a61e3895220f4d43a8d682e4d98c83b165f6694b20570ae950d22,79bbbca3911c164daa85ab2dde3f8a45a7cf19af83856f104703a01b08e3a811,c1300316fe5baec24e789c06aec35dd4f283fa4843b71c7aab1edbf4818f8e91,fixed_primary_schedule_feature_access_sensitivity,P0,INFORMATION_RICH_DIAGNOSTIC,26,xgboost,weighted_f1,0.9256159139177026
phase1d_v3_20260904T063324Z_823c848,d10c6f6c5e3a61e3895220f4d43a8d682e4d98c83b165f6694b20570ae950d22,79bbbca3911c164daa85ab2dde3f8a45a7cf19af83856f104703a01b08e3a811,c1300316fe5baec24e789c06aec35dd4f283fa4843b71c7aab1edbf4818f8e91,fixed_primary_schedule_feature_access_sensitivity,P0,INFORMATION_RICH_DIAGNOSTIC,26,xgboost,weighted_precision,0.9269845710736089
phase1d_v3_20260904T063324Z_823c848,d10c6f6c5e3a61e3895220f4d43a8d682e4d98c83b165f6694b20570ae950d22,79bbbca3911c164daa85ab2dde3f8a45a7cf19af83856f104703a01b08e3a811,c1300316fe5baec24e789c06aec35dd4f283fa4843b71c7aab1edbf4818f8e91,fixed_primary_schedule_feature_access_sensitivity,P0,INFORMATION_RICH_DIAGNOSTIC,26,xgboost,weighted_recall,0.925
phase1d_v3_20260904T063324Z_823c848,d10c6f6c5e3a61e3895220f4d43a8d682e4d98c83b165f6694b20570ae950d22,79bbbca3911c164daa85ab2dde3f8a45a7cf19af83856f104703a01b08e3a811,c1300316fe5baec24e789c06aec35dd4f283fa4843b71c7aab1edbf4818f8e91,independently_retuned_policy_performance,P0,INFORMATION_RICH_DIAGNOSTIC,26,xgboost,accuracy,0.9291666666666667
phase1d_v3_20260904T063324Z_823c848,d10c6f6c5e3a61e3895220f4d43a8d682e4d98c83b165f6694b20570ae950d22,79bbbca3911c164daa85ab2dde3f8a45a7cf19af83856f104703a01b08e3a811,c1300316fe5baec24e789c06aec35dd4f283fa4843b71c7aab1edbf4818f8e91,independently_retuned_policy_performance,P0,INFORMATION_RICH_DIAGNOSTIC,26,xgboost,adjacent_accuracy,0.9975
phase1d_v3_20260904T063324Z_823c848,d10c6f6c5e3a61e3895220f4d43a8d682e4d98c83b165f6694b20570ae950d22,79bbbca3911c164daa85ab2dde3f8a45a7cf19af83856f104703a01b08e3a811,c1300316fe5baec24e789c06aec35dd4f283fa4843b71c7aab1edbf4818f8e91,independently_retuned_policy_performance,P0,INFORMATION_RICH_DIAGNOSTIC,26,xgboost,balanced_accuracy,0.8867191102322858
phase1d_v3_20260904T063324Z_823c848,d10c6f6c5e3a61e3895220f4d43a8d682e4d98c83b165f6694b20570ae950d22,79bbbca3911c164daa85ab2dde3f8a45a7cf19af83856f104703a01b08e3a811,c1300316fe5baec24e789c06aec35dd4f283fa4843b71c7aab1edbf4818f8e91,independently_retuned_policy_performance,P0,INFORMATION_RICH_DIAGNOSTIC,26,xgboost,ece_confidence,0.021650899949219336
phase1d_v3_20260904T063324Z_823c848,d10c6f6c5e3a61e3895220f4d43a8d682e4d98c83b165f6694b20570ae950d22,79bbbca3911c164daa85ab2dde3f8a45a7cf19af83856f104703a01b08e3a811,c1300316fe5baec24e789c06aec35dd4f283fa4843b71c7aab1edbf4818f8e91,independently_retuned_policy_performance,P0,INFORMATION_RICH_DIAGNOSTIC,26,xgboost,macro_f1,0.8942738716737378
phase1d_v3_20260904T063324Z_823c848,d10c6f6c5e3a61e3895220f4d43a8d682e4d98c83b165f6694b20570ae950d22,79bbbca3911c164daa85ab2dde3f8a45a7cf19af83856f104703a01b08e3a811,c1300316fe5baec24e789c06aec35dd4f283fa4843b71c7aab1edbf4818f8e91,independently_retuned_policy_performance,P0,INFORMATION_RICH_DIAGNOSTIC,26,xgboost,macro_precision,0.9043754567561445
phase1d_v3_20260904T063324Z_823c848,d10c6f6c5e3a61e3895220f4d43a8d682e4d98c83b165f6694b20570ae950d22,79bbbca3911c164daa85ab2dde3f8a45a7cf19af83856f104703a01b08e3a811,c1300316fe5baec24e789c06aec35dd4f283fa4843b71c7aab1edbf4818f8e91,independently_retuned_policy_performance,P0,INFORMATION_RICH_DIAGNOSTIC,26,xgboost,macro_recall,0.8867191102322858
phase1d_v3_20260904T063324Z_823c848,d10c6f6c5e3a61e3895220f4d43a8d682e4d98c83b165f6694b20570ae950d22,79bbbca3911c164daa85ab2dde3f8a45a7cf19af83856f104703a01b08e3a811,c1300316fe5baec24e789c06aec35dd4f283fa4843b71c7aab1edbf4818f8e91,independently_retuned_policy_performance,P0,INFORMATION_RICH_DIAGNOSTIC,26,xgboost,multiclass_brier,0.11749497584734082
phase1d_v3_20260904T063324Z_823c848,d10c6f6c5e3a61e3895220f4d43a8d682e4d98c83b165f6694b20570ae950d22,79bbbca3911c164daa85ab2dde3f8a45a7cf19af83856f104703a01b08e3a811,c1300316fe5baec24e789c06aec35dd4f283fa4843b71c7aab1edbf4818f8e91,independently_retuned_policy_performance,P0,INFORMATION_RICH_DIAGNOSTIC,26,xgboost,nll_log_loss,0.23033130921747225
phase1d_v3_20260904T063324Z_823c848,d10c6f6c5e3a61e3895220f4d43a8d682e4d98c83b165f6694b20570ae950d22,79bbbca3911c164daa85ab2dde3f8a45a7cf19af83856f104703a01b08e3a811,c1300316fe5baec24e789c06aec35dd4f283fa4843b71c7aab1edbf4818f8e91,independently_retuned_policy_performance,P0,INFORMATION_RICH_DIAGNOSTIC,26,xgboost,ordinal_mae,0.07333333333333333
phase1d_v3_20260904T063324Z_823c848,d10c6f6c5e3a61e3895220f4d43a8d682e4d98c83b165f6694b20570ae950d22,79bbbca3911c164daa85ab2dde3f8a45a7cf19af83856f104703a01b08e3a811,c1300316fe5baec24e789c06aec35dd4f283fa4843b71c7aab1edbf4818f8e91,independently_retuned_policy_performance,P0,INFORMATION_RICH_DIAGNOSTIC,26,xgboost,quadratic_weighted_kappa,0.8528736591677448
phase1d_v3_20260904T063324Z_823c848,d10c6f6c5e3a61e3895220f4d43a8d682e4d98c83b165f6694b20570ae950d22,79bbbca3911c164daa85ab2dde3f8a45a7cf19af83856f104703a01b08e3a811,c1300316fe5baec24e789c06aec35dd4f283fa4843b71c7aab1edbf4818f8e91,independently_retuned_policy_performance,P0,INFORMATION_RICH_DIAGNOSTIC,26,xgboost,ranked_probability_score,0.030127457177688884
phase1d_v3_20260904T063324Z_823c848,d10c6f6c5e3a61e3895220f4d43a8d682e4d98c83b165f6694b20570ae950d22,79bbbca3911c164daa85ab2dde3f8a45a7cf19af83856f104703a01b08e3a811,c1300316fe5baec24e789c06aec35dd4f283fa4843b71c7aab1edbf4818f8e91,independently_retuned_policy_performance,P0,INFORMATION_RICH_DIAGNOSTIC,26,xgboost,two_level_reversal_rate,0.0025
phase1d_v3_20260904T063324Z_823c848,d10c6f6c5e3a61e3895220f4d43a8d682e4d98c83b165f6694b20570ae950d22,79bbbca3911c164daa85ab2dde3f8a45a7cf19af83856f104703a01b08e3a811,c1300316fe5baec24e789c06aec35dd4f283fa4843b71c7aab1edbf4818f8e91,independently_retuned_policy_performance,P0,INFORMATION_RICH_DIAGNOSTIC,26,xgboost,weighted_f1,0.9290481473047753
phase1d_v3_20260904T063324Z_823c848,d10c6f6c5e3a61e3895220f4d43a8d682e4d98c83b165f6694b20570ae950d22,79bbbca3911c164daa85ab2dde3f8a45a7cf19af83856f104703a01b08e3a811,c1300316fe5baec24e789c06aec35dd4f283fa4843b71c7aab1edbf4818f8e91,independently_retuned_policy_performance,P0,INFORMATION_RICH_DIAGNOSTIC,26,xgboost,weighted_precision,0.9298439877714005
phase1d_v3_20260904T063324Z_823c848,d10c6f6c5e3a61e3895220f4d43a8d682e4d98c83b165f6694b20570ae950d22,79bbbca3911c164daa85ab2dde3f8a45a7cf19af83856f104703a01b08e3a811,c1300316fe5baec24e789c06aec35dd4f283fa4843b71c7aab1edbf4818f8e91,independently_retuned_policy_performance,P0,INFORMATION_RICH_DIAGNOSTIC,26,xgboost,weighted_recall,0.9291666666666667
phase1d_v3_20260904T063324Z_823c848,d10c6f6c5e3a61e3895220f4d43a8d682e4d98c83b165f6694b20570ae950d22,79bbbca3911c164daa85ab2dde3f8a45a7cf19af83856f104703a01b08e3a811,c1300316fe5baec24e789c06aec35dd4f283fa4843b71c7aab1edbf4818f8e91,fixed_primary_schedule_feature_access_sensitivity,P1,LEAKAGE_CONTROLLED,24,xgboost,accuracy,0.7708333333333334
phase1d_v3_20260904T063324Z_823c848,d10c6f6c5e3a61e3895220f4d43a8d682e4d98c83b165f6694b20570ae950d22,79bbbca3911c164daa85ab2dde3f8a45a7cf19af83856f104703a01b08e3a811,c1300316fe5baec24e789c06aec35dd4f283fa4843b71c7aab1edbf4818f8e91,fixed_primary_schedule_feature_access_sensitivity,P1,LEAKAGE_CONTROLLED,24,xgboost,adjacent_accuracy,0.9983333333333333
phase1d_v3_20260904T063324Z_823c848,d10c6f6c5e3a61e3895220f4d43a8d682e4d98c83b165f6694b20570ae950d22,79bbbca3911c164daa85ab2dde3f8a45a7cf19af83856f104703a01b08e3a811,c1300316fe5baec24e789c06aec35dd4f283fa4843b71c7aab1edbf4818f8e91,fixed_primary_schedule_feature_access_sensitivity,P1,LEAKAGE_CONTROLLED,24,xgboost,balanced_accuracy,0.6400478278264968
phase1d_v3_20260904T063324Z_823c848,d10c6f6c5e3a61e3895220f4d43a8d682e4d98c83b165f6694b20570ae950d22,79bbbca3911c164daa85ab2dde3f8a45a7cf19af83856f104703a01b08e3a811,c1300316fe5baec24e789c06aec35dd4f283fa4843b71c7aab1edbf4818f8e91,fixed_primary_schedule_feature_access_sensitivity,P1,LEAKAGE_CONTROLLED,24,xgboost,ece_confidence,0.0455902970342998
phase1d_v3_20260904T063324Z_823c848,d10c6f6c5e3a61e3895220f4d43a8d682e4d98c83b165f6694b20570ae950d22,79bbbca3911c164daa85ab2dde3f8a45a7cf19af83856f104703a01b08e3a811,c1300316fe5baec24e789c06aec35dd4f283fa4843b71c7aab1edbf4818f8e91,fixed_primary_schedule_feature_access_sensitivity,P1,LEAKAGE_CONTROLLED,24,xgboost,macro_f1,0.6278873375943658
phase1d_v3_20260904T063324Z_823c848,d10c6f6c5e3a61e3895220f4d43a8d682e4d98c83b165f6694b20570ae950d22,79bbbca3911c164daa85ab2dde3f8a45a7cf19af83856f104703a01b08e3a811,c1300316fe5baec24e789c06aec35dd4f283fa4843b71c7aab1edbf4818f8e91,fixed_primary_schedule_feature_access_sensitivity,P1,LEAKAGE_CONTROLLED,24,xgboost,macro_precision,0.6173416362960565
phase1d_v3_20260904T063324Z_823c848,d10c6f6c5e3a61e3895220f4d43a8d682e4d98c83b165f6694b20570ae950d22,79bbbca3911c164daa85ab2dde3f8a45a7cf19af83856f104703a01b08e3a811,c1300316fe5baec24e789c06aec35dd4f283fa4843b71c7aab1edbf4818f8e91,fixed_primary_schedule_feature_access_sensitivity,P1,LEAKAGE_CONTROLLED,24,xgboost,macro_recall,0.6400478278264968
phase1d_v3_20260904T063324Z_823c848,d10c6f6c5e3a61e3895220f4d43a8d682e4d98c83b165f6694b20570ae950d22,79bbbca3911c164daa85ab2dde3f8a45a7cf19af83856f104703a01b08e3a811,c1300316fe5baec24e789c06aec35dd4f283fa4843b71c7aab1edbf4818f8e91,fixed_primary_schedule_feature_access_sensitivity,P1,LEAKAGE_CONTROLLED,24,xgboost,multiclass_brier,0.33454409353682557
phase1d_v3_20260904T063324Z_823c848,d10c6f6c5e3a61e3895220f4d43a8d682e4d98c83b165f6694b20570ae950d22,79bbbca3911c164daa85ab2dde3f8a45a7cf19af83856f104703a01b08e3a811,c1300316fe5baec24e789c06aec35dd4f283fa4843b71c7aab1edbf4818f8e91,fixed_primary_schedule_feature_access_sensitivity,P1,LEAKAGE_CONTROLLED,24,xgboost,nll_log_loss,0.5441086871505009
phase1d_v3_20260904T063324Z_823c848,d10c6f6c5e3a61e3895220f4d43a8d682e4d98c83b165f6694b20570ae950d22,79bbbca3911c164daa85ab2dde3f8a45a7cf19af83856f104703a01b08e3a811,c1300316fe5baec24e789c06aec35dd4f283fa4843b71c7aab1edbf4818f8e91,fixed_primary_schedule_feature_access_sensitivity,P1,LEAKAGE_CONTROLLED,24,xgboost,ordinal_mae,0.23083333333333333
phase1d_v3_20260904T063324Z_823c848,d10c6f6c5e3a61e3895220f4d43a8d682e4d98c83b165f6694b20570ae950d22,79bbbca3911c164daa85ab2dde3f8a45a7cf19af83856f104703a01b08e3a811,c1300316fe5baec24e789c06aec35dd4f283fa4843b71c7aab1edbf4818f8e91,fixed_primary_schedule_feature_access_sensitivity,P1,LEAKAGE_CONTROLLED,24,xgboost,quadratic_weighted_kappa,0.5813780260707635
phase1d_v3_20260904T063324Z_823c848,d10c6f6c5e3a61e3895220f4d43a8d682e4d98c83b165f6694b20570ae950d22,79bbbca3911c164daa85ab2dde3f8a45a7cf19af83856f104703a01b08e3a811,c1300316fe5baec24e789c06aec35dd4f283fa4843b71c7aab1edbf4818f8e91,fixed_primary_schedule_feature_access_sensitivity,P1,LEAKAGE_CONTROLLED,24,xgboost,ranked_probability_score,0.08390544964231936
phase1d_v3_20260904T063324Z_823c848,d10c6f6c5e3a61e3895220f4d43a8d682e4d98c83b165f6694b20570ae950d22,79bbbca3911c164daa85ab2dde3f8a45a7cf19af83856f104703a01b08e3a811,c1300316fe5baec24e789c06aec35dd4f283fa4843b71c7aab1edbf4818f8e91,fixed_primary_schedule_feature_access_sensitivity,P1,LEAKAGE_CONTROLLED,24,xgboost,two_level_reversal_rate,0.0016666666666666668
phase1d_v3_20260904T063324Z_823c848,d10c6f6c5e3a61e3895220f4d43a8d682e4d98c83b165f6694b20570ae950d22,79bbbca3911c164daa85ab2dde3f8a45a7cf19af83856f104703a01b08e3a811,c1300316fe5baec24e789c06aec35dd4f283fa4843b71c7aab1edbf4818f8e91,fixed_primary_schedule_feature_access_sensitivity,P1,LEAKAGE_CONTROLLED,24,xgboost,weighted_f1,0.7725324386297491
phase1d_v3_20260904T063324Z_823c848,d10c6f6c5e3a61e3895220f4d43a8d682e4d98c83b165f6694b20570ae950d22,79bbbca3911c164daa85ab2dde3f8a45a7cf19af83856f104703a01b08e3a811,c1300316fe5baec24e789c06aec35dd4f283fa4843b71c7aab1edbf4818f8e91,fixed_primary_schedule_feature_access_sensitivity,P1,LEAKAGE_CONTROLLED,24,xgboost,weighted_precision,0.7752377627628998
phase1d_v3_20260904T063324Z_823c848,d10c6f6c5e3a61e3895220f4d43a8d682e4d98c83b165f6694b20570ae950d22,79bbbca3911c164daa85ab2dde3f8a45a7cf19af83856f104703a01b08e3a811,c1300316fe5baec24e789c06aec35dd4f283fa4843b71c7aab1edbf4818f8e91,fixed_primary_schedule_feature_access_sensitivity,P1,LEAKAGE_CONTROLLED,24,xgboost,weighted_recall,0.7708333333333334
phase1d_v3_20260904T063324Z_823c848,d10c6f6c5e3a61e3895220f4d43a8d682e4d98c83b165f6694b20570ae950d22,79bbbca3911c164daa85ab2dde3f8a45a7cf19af83856f104703a01b08e3a811,c1300316fe5baec24e789c06aec35dd4f283fa4843b71c7aab1edbf4818f8e91,independently_retuned_policy_performance,P1,LEAKAGE_CONTROLLED,24,xgboost,accuracy,0.7716666666666666
phase1d_v3_20260904T063324Z_823c848,d10c6f6c5e3a61e3895220f4d43a8d682e4d98c83b165f6694b20570ae950d22,79bbbca3911c164daa85ab2dde3f8a45a7cf19af83856f104703a01b08e3a811,c1300316fe5baec24e789c06aec35dd4f283fa4843b71c7aab1edbf4818f8e91,independently_retuned_policy_performance,P1,LEAKAGE_CONTROLLED,24,xgboost,adjacent_accuracy,0.9983333333333333
phase1d_v3_20260904T063324Z_823c848,d10c6f6c5e3a61e3895220f4d43a8d682e4d98c83b165f6694b20570ae950d22,79bbbca3911c164daa85ab2dde3f8a45a7cf19af83856f104703a01b08e3a811,c1300316fe5baec24e789c06aec35dd4f283fa4843b71c7aab1edbf4818f8e91,independently_retuned_policy_performance,P1,LEAKAGE_CONTROLLED,24,xgboost,balanced_accuracy,0.6519555769066255
phase1d_v3_20260904T063324Z_823c848,d10c6f6c5e3a61e3895220f4d43a8d682e4d98c83b165f6694b20570ae950d22,79bbbca3911c164daa85ab2dde3f8a45a7cf19af83856f104703a01b08e3a811,c1300316fe5baec24e789c06aec35dd4f283fa4843b71c7aab1edbf4818f8e91,independently_retuned_policy_performance,P1,LEAKAGE_CONTROLLED,24,xgboost,ece_confidence,0.0475024207282711
phase1d_v3_20260904T063324Z_823c848,d10c6f6c5e3a61e3895220f4d43a8d682e4d98c83b165f6694b20570ae950d22,79bbbca3911c164daa85ab2dde3f8a45a7cf19af83856f104703a01b08e3a811,c1300316fe5baec24e789c06aec35dd4f283fa4843b71c7aab1edbf4818f8e91,independently_retuned_policy_performance,P1,LEAKAGE_CONTROLLED,24,xgboost,macro_f1,0.6395721454861203
phase1d_v3_20260904T063324Z_823c848,d10c6f6c5e3a61e3895220f4d43a8d682e4d98c83b165f6694b20570ae950d22,79bbbca3911c164daa85ab2dde3f8a45a7cf19af83856f104703a01b08e3a811,c1300316fe5baec24e789c06aec35dd4f283fa4843b71c7aab1edbf4818f8e91,independently_retuned_policy_performance,P1,LEAKAGE_CONTROLLED,24,xgboost,macro_precision,0.6291425126211455
phase1d_v3_20260904T063324Z_823c848,d10c6f6c5e3a61e3895220f4d43a8d682e4d98c83b165f6694b20570ae950d22,79bbbca3911c164daa85ab2dde3f8a45a7cf19af83856f104703a01b08e3a811,c1300316fe5baec24e789c06aec35dd4f283fa4843b71c7aab1edbf4818f8e91,independently_retuned_policy_performance,P1,LEAKAGE_CONTROLLED,24,xgboost,macro_recall,0.6519555769066255
phase1d_v3_20260904T063324Z_823c848,d10c6f6c5e3a61e3895220f4d43a8d682e4d98c83b165f6694b20570ae950d22,79bbbca3911c164daa85ab2dde3f8a45a7cf19af83856f104703a01b08e3a811,c1300316fe5baec24e789c06aec35dd4f283fa4843b71c7aab1edbf4818f8e91,independently_retuned_policy_performance,P1,LEAKAGE_CONTROLLED,24,xgboost,multiclass_brier,0.33602690179999783
phase1d_v3_20260904T063324Z_823c848,d10c6f6c5e3a61e3895220f4d43a8d682e4d98c83b165f6694b20570ae950d22,79bbbca3911c164daa85ab2dde3f8a45a7cf19af83856f104703a01b08e3a811,c1300316fe5baec24e789c06aec35dd4f283fa4843b71c7aab1edbf4818f8e91,independently_retuned_policy_performance,P1,LEAKAGE_CONTROLLED,24,xgboost,nll_log_loss,0.5464961060285225
phase1d_v3_20260904T063324Z_823c848,d10c6f6c5e3a61e3895220f4d43a8d682e4d98c83b165f6694b20570ae950d22,79bbbca3911c164daa85ab2dde3f8a45a7cf19af83856f104703a01b08e3a811,c1300316fe5baec24e789c06aec35dd4f283fa4843b71c7aab1edbf4818f8e91,independently_retuned_policy_performance,P1,LEAKAGE_CONTROLLED,24,xgboost,ordinal_mae,0.23
phase1d_v3_20260904T063324Z_823c848,d10c6f6c5e3a61e3895220f4d43a8d682e4d98c83b165f6694b20570ae950d22,79bbbca3911c164daa85ab2dde3f8a45a7cf19af83856f104703a01b08e3a811,c1300316fe5baec24e789c06aec35dd4f283fa4843b71c7aab1edbf4818f8e91,independently_retuned_policy_performance,P1,LEAKAGE_CONTROLLED,24,xgboost,quadratic_weighted_kappa,0.5891978599164702
phase1d_v3_20260904T063324Z_823c848,d10c6f6c5e3a61e3895220f4d43a8d682e4d98c83b165f6694b20570ae950d22,79bbbca3911c164daa85ab2dde3f8a45a7cf19af83856f104703a01b08e3a811,c1300316fe5baec24e789c06aec35dd4f283fa4843b71c7aab1edbf4818f8e91,independently_retuned_policy_performance,P1,LEAKAGE_CONTROLLED,24,xgboost,ranked_probability_score,0.08420550995311969
phase1d_v3_20260904T063324Z_823c848,d10c6f6c5e3a61e3895220f4d43a8d682e4d98c83b165f6694b20570ae950d22,79bbbca3911c164daa85ab2dde3f8a45a7cf19af83856f104703a01b08e3a811,c1300316fe5baec24e789c06aec35dd4f283fa4843b71c7aab1edbf4818f8e91,independently_retuned_policy_performance,P1,LEAKAGE_CONTROLLED,24,xgboost,two_level_reversal_rate,0.0016666666666666668
phase1d_v3_20260904T063324Z_823c848,d10c6f6c5e3a61e3895220f4d43a8d682e4d98c83b165f6694b20570ae950d22,79bbbca3911c164daa85ab2dde3f8a45a7cf19af83856f104703a01b08e3a811,c1300316fe5baec24e789c06aec35dd4f283fa4843b71c7aab1edbf4818f8e91,independently_retuned_policy_performance,P1,LEAKAGE_CONTROLLED,24,xgboost,weighted_f1,0.7762015270380889
phase1d_v3_20260904T063324Z_823c848,d10c6f6c5e3a61e3895220f4d43a8d682e4d98c83b165f6694b20570ae950d22,79bbbca3911c164daa85ab2dde3f8a45a7cf19af83856f104703a01b08e3a811,c1300316fe5baec24e789c06aec35dd4f283fa4843b71c7aab1edbf4818f8e91,independently_retuned_policy_performance,P1,LEAKAGE_CONTROLLED,24,xgboost,weighted_precision,0.7820187380855886
phase1d_v3_20260904T063324Z_823c848,d10c6f6c5e3a61e3895220f4d43a8d682e4d98c83b165f6694b20570ae950d22,79bbbca3911c164daa85ab2dde3f8a45a7cf19af83856f104703a01b08e3a811,c1300316fe5baec24e789c06aec35dd4f283fa4843b71c7aab1edbf4818f8e91,independently_retuned_policy_performance,P1,LEAKAGE_CONTROLLED,24,xgboost,weighted_recall,0.7716666666666666
phase1d_v3_20260904T063324Z_823c848,d10c6f6c5e3a61e3895220f4d43a8d682e4d98c83b165f6694b20570ae950d22,79bbbca3911c164daa85ab2dde3f8a45a7cf19af83856f104703a01b08e3a811,c1300316fe5baec24e789c06aec35dd4f283fa4843b71c7aab1edbf4818f8e91,fixed_primary_schedule_feature_access_sensitivity,P2,GOVERNANCE_CONTROLLED,21,xgboost,accuracy,0.7541666666666667
phase1d_v3_20260904T063324Z_823c848,d10c6f6c5e3a61e3895220f4d43a8d682e4d98c83b165f6694b20570ae950d22,79bbbca3911c164daa85ab2dde3f8a45a7cf19af83856f104703a01b08e3a811,c1300316fe5baec24e789c06aec35dd4f283fa4843b71c7aab1edbf4818f8e91,fixed_primary_schedule_feature_access_sensitivity,P2,GOVERNANCE_CONTROLLED,21,xgboost,adjacent_accuracy,0.9975
phase1d_v3_20260904T063324Z_823c848,d10c6f6c5e3a61e3895220f4d43a8d682e4d98c83b165f6694b20570ae950d22,79bbbca3911c164daa85ab2dde3f8a45a7cf19af83856f104703a01b08e3a811,c1300316fe5baec24e789c06aec35dd4f283fa4843b71c7aab1edbf4818f8e91,fixed_primary_schedule_feature_access_sensitivity,P2,GOVERNANCE_CONTROLLED,21,xgboost,balanced_accuracy,0.6262657240741177
phase1d_v3_20260904T063324Z_823c848,d10c6f6c5e3a61e3895220f4d43a8d682e4d98c83b165f6694b20570ae950d22,79bbbca3911c164daa85ab2dde3f8a45a7cf19af83856f104703a01b08e3a811,c1300316fe5baec24e789c06aec35dd4f283fa4843b71c7aab1edbf4818f8e91,fixed_primary_schedule_feature_access_sensitivity,P2,GOVERNANCE_CONTROLLED,21,xgboost,ece_confidence,0.04527740459779919
phase1d_v3_20260904T063324Z_823c848,d10c6f6c5e3a61e3895220f4d43a8d682e4d98c83b165f6694b20570ae950d22,79bbbca3911c164daa85ab2dde3f8a45a7cf19af83856f104703a01b08e3a811,c1300316fe5baec24e789c06aec35dd4f283fa4843b71c7aab1edbf4818f8e91,fixed_primary_schedule_feature_access_sensitivity,P2,GOVERNANCE_CONTROLLED,21,xgboost,macro_f1,0.6149849773365884
phase1d_v3_20260904T063324Z_823c848,d10c6f6c5e3a61e3895220f4d43a8d682e4d98c83b165f6694b20570ae950d22,79bbbca3911c164daa85ab2dde3f8a45a7cf19af83856f104703a01b08e3a811,c1300316fe5baec24e789c06aec35dd4f283fa4843b71c7aab1edbf4818f8e91,fixed_primary_schedule_feature_access_sensitivity,P2,GOVERNANCE_CONTROLLED,21,xgboost,macro_precision,0.6057499014265676
phase1d_v3_20260904T063324Z_823c848,d10c6f6c5e3a61e3895220f4d43a8d682e4d98c83b165f6694b20570ae950d22,79bbbca3911c164daa85ab2dde3f8a45a7cf19af83856f104703a01b08e3a811,c1300316fe5baec24e789c06aec35dd4f283fa4843b71c7aab1edbf4818f8e91,fixed_primary_schedule_feature_access_sensitivity,P2,GOVERNANCE_CONTROLLED,21,xgboost,macro_recall,0.6262657240741177
phase1d_v3_20260904T063324Z_823c848,d10c6f6c5e3a61e3895220f4d43a8d682e4d98c83b165f6694b20570ae950d22,79bbbca3911c164daa85ab2dde3f8a45a7cf19af83856f104703a01b08e3a811,c1300316fe5baec24e789c06aec35dd4f283fa4843b71c7aab1edbf4818f8e91,fixed_primary_schedule_feature_access_sensitivity,P2,GOVERNANCE_CONTROLLED,21,xgboost,multiclass_brier,0.3348576250422375
phase1d_v3_20260904T063324Z_823c848,d10c6f6c5e3a61e3895220f4d43a8d682e4d98c83b165f6694b20570ae950d22,79bbbca3911c164daa85ab2dde3f8a45a7cf19af83856f104703a01b08e3a811,c1300316fe5baec24e789c06aec35dd4f283fa4843b71c7aab1edbf4818f8e91,fixed_primary_schedule_feature_access_sensitivity,P2,GOVERNANCE_CONTROLLED,21,xgboost,nll_log_loss,0.5396320636037444
phase1d_v3_20260904T063324Z_823c848,d10c6f6c5e3a61e3895220f4d43a8d682e4d98c83b165f6694b20570ae950d22,79bbbca3911c164daa85ab2dde3f8a45a7cf19af83856f104703a01b08e3a811,c1300316fe5baec24e789c06aec35dd4f283fa4843b71c7aab1edbf4818f8e91,fixed_primary_schedule_feature_access_sensitivity,P2,GOVERNANCE_CONTROLLED,21,xgboost,ordinal_mae,0.24833333333333332
phase1d_v3_20260904T063324Z_823c848,d10c6f6c5e3a61e3895220f4d43a8d682e4d98c83b165f6694b20570ae950d22,79bbbca3911c164daa85ab2dde3f8a45a7cf19af83856f104703a01b08e3a811,c1300316fe5baec24e789c06aec35dd4f283fa4843b71c7aab1edbf4818f8e91,fixed_primary_schedule_feature_access_sensitivity,P2,GOVERNANCE_CONTROLLED,21,xgboost,quadratic_weighted_kappa,0.5568556185071087
phase1d_v3_20260904T063324Z_823c848,d10c6f6c5e3a61e3895220f4d43a8d682e4d98c83b165f6694b20570ae950d22,79bbbca3911c164daa85ab2dde3f8a45a7cf19af83856f104703a01b08e3a811,c1300316fe5baec24e789c06aec35dd4f283fa4843b71c7aab1edbf4818f8e91,fixed_primary_schedule_feature_access_sensitivity,P2,GOVERNANCE_CONTROLLED,21,xgboost,ranked_probability_score,0.0841371992456312
phase1d_v3_20260904T063324Z_823c848,d10c6f6c5e3a61e3895220f4d43a8d682e4d98c83b165f6694b20570ae950d22,79bbbca3911c164daa85ab2dde3f8a45a7cf19af83856f104703a01b08e3a811,c1300316fe5baec24e789c06aec35dd4f283fa4843b71c7aab1edbf4818f8e91,fixed_primary_schedule_feature_access_sensitivity,P2,GOVERNANCE_CONTROLLED,21,xgboost,two_level_reversal_rate,0.0025
phase1d_v3_20260904T063324Z_823c848,d10c6f6c5e3a61e3895220f4d43a8d682e4d98c83b165f6694b20570ae950d22,79bbbca3911c164daa85ab2dde3f8a45a7cf19af83856f104703a01b08e3a811,c1300316fe5baec24e789c06aec35dd4f283fa4843b71c7aab1edbf4818f8e91,fixed_primary_schedule_feature_access_sensitivity,P2,GOVERNANCE_CONTROLLED,21,xgboost,weighted_f1,0.7601082232258038
phase1d_v3_20260904T063324Z_823c848,d10c6f6c5e3a61e3895220f4d43a8d682e4d98c83b165f6694b20570ae950d22,79bbbca3911c164daa85ab2dde3f8a45a7cf19af83856f104703a01b08e3a811,c1300316fe5baec24e789c06aec35dd4f283fa4843b71c7aab1edbf4818f8e91,fixed_primary_schedule_feature_access_sensitivity,P2,GOVERNANCE_CONTROLLED,21,xgboost,weighted_precision,0.7674629056862328
phase1d_v3_20260904T063324Z_823c848,d10c6f6c5e3a61e3895220f4d43a8d682e4d98c83b165f6694b20570ae950d22,79bbbca3911c164daa85ab2dde3f8a45a7cf19af83856f104703a01b08e3a811,c1300316fe5baec24e789c06aec35dd4f283fa4843b71c7aab1edbf4818f8e91,fixed_primary_schedule_feature_access_sensitivity,P2,GOVERNANCE_CONTROLLED,21,xgboost,weighted_recall,0.7541666666666667
phase1d_v3_20260904T063324Z_823c848,d10c6f6c5e3a61e3895220f4d43a8d682e4d98c83b165f6694b20570ae950d22,79bbbca3911c164daa85ab2dde3f8a45a7cf19af83856f104703a01b08e3a811,c1300316fe5baec24e789c06aec35dd4f283fa4843b71c7aab1edbf4818f8e91,independently_retuned_policy_performance,P2,GOVERNANCE_CONTROLLED,21,xgboost,accuracy,0.78
phase1d_v3_20260904T063324Z_823c848,d10c6f6c5e3a61e3895220f4d43a8d682e4d98c83b165f6694b20570ae950d22,79bbbca3911c164daa85ab2dde3f8a45a7cf19af83856f104703a01b08e3a811,c1300316fe5baec24e789c06aec35dd4f283fa4843b71c7aab1edbf4818f8e91,independently_retuned_policy_performance,P2,GOVERNANCE_CONTROLLED,21,xgboost,adjacent_accuracy,0.9983333333333333
phase1d_v3_20260904T063324Z_823c848,d10c6f6c5e3a61e3895220f4d43a8d682e4d98c83b165f6694b20570ae950d22,79bbbca3911c164daa85ab2dde3f8a45a7cf19af83856f104703a01b08e3a811,c1300316fe5baec24e789c06aec35dd4f283fa4843b71c7aab1edbf4818f8e91,independently_retuned_policy_performance,P2,GOVERNANCE_CONTROLLED,21,xgboost,balanced_accuracy,0.6437133132738124
phase1d_v3_20260904T063324Z_823c848,d10c6f6c5e3a61e3895220f4d43a8d682e4d98c83b165f6694b20570ae950d22,79bbbca3911c164daa85ab2dde3f8a45a7cf19af83856f104703a01b08e3a811,c1300316fe5baec24e789c06aec35dd4f283fa4843b71c7aab1edbf4818f8e91,independently_retuned_policy_performance,P2,GOVERNANCE_CONTROLLED,21,xgboost,ece_confidence,0.05046145954679944
phase1d_v3_20260904T063324Z_823c848,d10c6f6c5e3a61e3895220f4d43a8d682e4d98c83b165f6694b20570ae950d22,79bbbca3911c164daa85ab2dde3f8a45a7cf19af83856f104703a01b08e3a811,c1300316fe5baec24e789c06aec35dd4f283fa4843b71c7aab1edbf4818f8e91,independently_retuned_policy_performance,P2,GOVERNANCE_CONTROLLED,21,xgboost,macro_f1,0.6335049086987997
phase1d_v3_20260904T063324Z_823c848,d10c6f6c5e3a61e3895220f4d43a8d682e4d98c83b165f6694b20570ae950d22,79bbbca3911c164daa85ab2dde3f8a45a7cf19af83856f104703a01b08e3a811,c1300316fe5baec24e789c06aec35dd4f283fa4843b71c7aab1edbf4818f8e91,independently_retuned_policy_performance,P2,GOVERNANCE_CONTROLLED,21,xgboost,macro_precision,0.624500877577885
phase1d_v3_20260904T063324Z_823c848,d10c6f6c5e3a61e3895220f4d43a8d682e4d98c83b165f6694b20570ae950d22,79bbbca3911c164daa85ab2dde3f8a45a7cf19af83856f104703a01b08e3a811,c1300316fe5baec24e789c06aec35dd4f283fa4843b71c7aab1edbf4818f8e91,independently_retuned_policy_performance,P2,GOVERNANCE_CONTROLLED,21,xgboost,macro_recall,0.6437133132738124
phase1d_v3_20260904T063324Z_823c848,d10c6f6c5e3a61e3895220f4d43a8d682e4d98c83b165f6694b20570ae950d22,79bbbca3911c164daa85ab2dde3f8a45a7cf19af83856f104703a01b08e3a811,c1300316fe5baec24e789c06aec35dd4f283fa4843b71c7aab1edbf4818f8e91,independently_retuned_policy_performance,P2,GOVERNANCE_CONTROLLED,21,xgboost,multiclass_brier,0.3315766382282647
phase1d_v3_20260904T063324Z_823c848,d10c6f6c5e3a61e3895220f4d43a8d682e4d98c83b165f6694b20570ae950d22,79bbbca3911c164daa85ab2dde3f8a45a7cf19af83856f104703a01b08e3a811,c1300316fe5baec24e789c06aec35dd4f283fa4843b71c7aab1edbf4818f8e91,independently_retuned_policy_performance,P2,GOVERNANCE_CONTROLLED,21,xgboost,nll_log_loss,0.5455758837361859
phase1d_v3_20260904T063324Z_823c848,d10c6f6c5e3a61e3895220f4d43a8d682e4d98c83b165f6694b20570ae950d22,79bbbca3911c164daa85ab2dde3f8a45a7cf19af83856f104703a01b08e3a811,c1300316fe5baec24e789c06aec35dd4f283fa4843b71c7aab1edbf4818f8e91,independently_retuned_policy_performance,P2,GOVERNANCE_CONTROLLED,21,xgboost,ordinal_mae,0.22166666666666668
phase1d_v3_20260904T063324Z_823c848,d10c6f6c5e3a61e3895220f4d43a8d682e4d98c83b165f6694b20570ae950d22,79bbbca3911c164daa85ab2dde3f8a45a7cf19af83856f104703a01b08e3a811,c1300316fe5baec24e789c06aec35dd4f283fa4843b71c7aab1edbf4818f8e91,independently_retuned_policy_performance,P2,GOVERNANCE_CONTROLLED,21,xgboost,quadratic_weighted_kappa,0.589241161078318
phase1d_v3_20260904T063324Z_823c848,d10c6f6c5e3a61e3895220f4d43a8d682e4d98c83b165f6694b20570ae950d22,79bbbca3911c164daa85ab2dde3f8a45a7cf19af83856f104703a01b08e3a811,c1300316fe5baec24e789c06aec35dd4f283fa4843b71c7aab1edbf4818f8e91,independently_retuned_policy_performance,P2,GOVERNANCE_CONTROLLED,21,xgboost,ranked_probability_score,0.08324795020284376
phase1d_v3_20260904T063324Z_823c848,d10c6f6c5e3a61e3895220f4d43a8d682e4d98c83b165f6694b20570ae950d22,79bbbca3911c164daa85ab2dde3f8a45a7cf19af83856f104703a01b08e3a811,c1300316fe5baec24e789c06aec35dd4f283fa4843b71c7aab1edbf4818f8e91,independently_retuned_policy_performance,P2,GOVERNANCE_CONTROLLED,21,xgboost,two_level_reversal_rate,0.0016666666666666668
phase1d_v3_20260904T063324Z_823c848,d10c6f6c5e3a61e3895220f4d43a8d682e4d98c83b165f6694b20570ae950d22,79bbbca3911c164daa85ab2dde3f8a45a7cf19af83856f104703a01b08e3a811,c1300316fe5baec24e789c06aec35dd4f283fa4843b71c7aab1edbf4818f8e91,independently_retuned_policy_performance,P2,GOVERNANCE_CONTROLLED,21,xgboost,weighted_f1,0.7787571708144432
phase1d_v3_20260904T063324Z_823c848,d10c6f6c5e3a61e3895220f4d43a8d682e4d98c83b165f6694b20570ae950d22,79bbbca3911c164daa85ab2dde3f8a45a7cf19af83856f104703a01b08e3a811,c1300316fe5baec24e789c06aec35dd4f283fa4843b71c7aab1edbf4818f8e91,independently_retuned_policy_performance,P2,GOVERNANCE_CONTROLLED,21,xgboost,weighted_precision,0.7781566659353517
phase1d_v3_20260904T063324Z_823c848,d10c6f6c5e3a61e3895220f4d43a8d682e4d98c83b165f6694b20570ae950d22,79bbbca3911c164daa85ab2dde3f8a45a7cf19af83856f104703a01b08e3a811,c1300316fe5baec24e789c06aec35dd4f283fa4843b71c7aab1edbf4818f8e91,independently_retuned_policy_performance,P2,GOVERNANCE_CONTROLLED,21,xgboost,weighted_recall,0.78
phase1d_v3_20260904T063324Z_823c848,d10c6f6c5e3a61e3895220f4d43a8d682e4d98c83b165f6694b20570ae950d22,79bbbca3911c164daa85ab2dde3f8a45a7cf19af83856f104703a01b08e3a811,c1300316fe5baec24e789c06aec35dd4f283fa4843b71c7aab1edbf4818f8e91,fixed_primary_schedule_feature_access_sensitivity,P3,PRIMARY_LEAKAGE_AWARE,20,xgboost,accuracy,0.7591666666666667
phase1d_v3_20260904T063324Z_823c848,d10c6f6c5e3a61e3895220f4d43a8d682e4d98c83b165f6694b20570ae950d22,79bbbca3911c164daa85ab2dde3f8a45a7cf19af83856f104703a01b08e3a811,c1300316fe5baec24e789c06aec35dd4f283fa4843b71c7aab1edbf4818f8e91,fixed_primary_schedule_feature_access_sensitivity,P3,PRIMARY_LEAKAGE_AWARE,20,xgboost,adjacent_accuracy,0.9975
phase1d_v3_20260904T063324Z_823c848,d10c6f6c5e3a61e3895220f4d43a8d682e4d98c83b165f6694b20570ae950d22,79bbbca3911c164daa85ab2dde3f8a45a7cf19af83856f104703a01b08e3a811,c1300316fe5baec24e789c06aec35dd4f283fa4843b71c7aab1edbf4818f8e91,fixed_primary_schedule_feature_access_sensitivity,P3,PRIMARY_LEAKAGE_AWARE,20,xgboost,balanced_accuracy,0.6360452170862891
phase1d_v3_20260904T063324Z_823c848,d10c6f6c5e3a61e3895220f4d43a8d682e4d98c83b165f6694b20570ae950d22,79bbbca3911c164daa85ab2dde3f8a45a7cf19af83856f104703a01b08e3a811,c1300316fe5baec24e789c06aec35dd4f283fa4843b71c7aab1edbf4818f8e91,fixed_primary_schedule_feature_access_sensitivity,P3,PRIMARY_LEAKAGE_AWARE,20,xgboost,ece_confidence,0.03754265683135832
phase1d_v3_20260904T063324Z_823c848,d10c6f6c5e3a61e3895220f4d43a8d682e4d98c83b165f6694b20570ae950d22,79bbbca3911c164daa85ab2dde3f8a45a7cf19af83856f104703a01b08e3a811,c1300316fe5baec24e789c06aec35dd4f283fa4843b71c7aab1edbf4818f8e91,fixed_primary_schedule_feature_access_sensitivity,P3,PRIMARY_LEAKAGE_AWARE,20,xgboost,macro_f1,0.6210211647446707
phase1d_v3_20260904T063324Z_823c848,d10c6f6c5e3a61e3895220f4d43a8d682e4d98c83b165f6694b20570ae950d22,79bbbca3911c164daa85ab2dde3f8a45a7cf19af83856f104703a01b08e3a811,c1300316fe5baec24e789c06aec35dd4f283fa4843b71c7aab1edbf4818f8e91,fixed_primary_schedule_feature_access_sensitivity,P3,PRIMARY_LEAKAGE_AWARE,20,xgboost,macro_precision,0.6088778581249189
phase1d_v3_20260904T063324Z_823c848,d10c6f6c5e3a61e3895220f4d43a8d682e4d98c83b165f6694b20570ae950d22,79bbbca3911c164daa85ab2dde3f8a45a7cf19af83856f104703a01b08e3a811,c1300316fe5baec24e789c06aec35dd4f283fa4843b71c7aab1edbf4818f8e91,fixed_primary_schedule_feature_access_sensitivity,P3,PRIMARY_LEAKAGE_AWARE,20,xgboost,macro_recall,0.6360452170862891
phase1d_v3_20260904T063324Z_823c848,d10c6f6c5e3a61e3895220f4d43a8d682e4d98c83b165f6694b20570ae950d22,79bbbca3911c164daa85ab2dde3f8a45a7cf19af83856f104703a01b08e3a811,c1300316fe5baec24e789c06aec35dd4f283fa4843b71c7aab1edbf4818f8e91,fixed_primary_schedule_feature_access_sensitivity,P3,PRIMARY_LEAKAGE_AWARE,20,xgboost,multiclass_brier,0.34260632657334306
phase1d_v3_20260904T063324Z_823c848,d10c6f6c5e3a61e3895220f4d43a8d682e4d98c83b165f6694b20570ae950d22,79bbbca3911c164daa85ab2dde3f8a45a7cf19af83856f104703a01b08e3a811,c1300316fe5baec24e789c06aec35dd4f283fa4843b71c7aab1edbf4818f8e91,fixed_primary_schedule_feature_access_sensitivity,P3,PRIMARY_LEAKAGE_AWARE,20,xgboost,nll_log_loss,0.5514626110693018
phase1d_v3_20260904T063324Z_823c848,d10c6f6c5e3a61e3895220f4d43a8d682e4d98c83b165f6694b20570ae950d22,79bbbca3911c164daa85ab2dde3f8a45a7cf19af83856f104703a01b08e3a811,c1300316fe5baec24e789c06aec35dd4f283fa4843b71c7aab1edbf4818f8e91,fixed_primary_schedule_feature_access_sensitivity,P3,PRIMARY_LEAKAGE_AWARE,20,xgboost,ordinal_mae,0.24333333333333335
phase1d_v3_20260904T063324Z_823c848,d10c6f6c5e3a61e3895220f4d43a8d682e4d98c83b165f6694b20570ae950d22,79bbbca3911c164daa85ab2dde3f8a45a7cf19af83856f104703a01b08e3a811,c1300316fe5baec24e789c06aec35dd4f283fa4843b71c7aab1edbf4818f8e91,fixed_primary_schedule_feature_access_sensitivity,P3,PRIMARY_LEAKAGE_AWARE,20,xgboost,quadratic_weighted_kappa,0.567602077831626
phase1d_v3_20260904T063324Z_823c848,d10c6f6c5e3a61e3895220f4d43a8d682e4d98c83b165f6694b20570ae950d22,79bbbca3911c164daa85ab2dde3f8a45a7cf19af83856f104703a01b08e3a811,c1300316fe5baec24e789c06aec35dd4f283fa4843b71c7aab1edbf4818f8e91,fixed_primary_schedule_feature_access_sensitivity,P3,PRIMARY_LEAKAGE_AWARE,20,xgboost,ranked_probability_score,0.08597383249482213
phase1d_v3_20260904T063324Z_823c848,d10c6f6c5e3a61e3895220f4d43a8d682e4d98c83b165f6694b20570ae950d22,79bbbca3911c164daa85ab2dde3f8a45a7cf19af83856f104703a01b08e3a811,c1300316fe5baec24e789c06aec35dd4f283fa4843b71c7aab1edbf4818f8e91,fixed_primary_schedule_feature_access_sensitivity,P3,PRIMARY_LEAKAGE_AWARE,20,xgboost,two_level_reversal_rate,0.0025
phase1d_v3_20260904T063324Z_823c848,d10c6f6c5e3a61e3895220f4d43a8d682e4d98c83b165f6694b20570ae950d22,79bbbca3911c164daa85ab2dde3f8a45a7cf19af83856f104703a01b08e3a811,c1300316fe5baec24e789c06aec35dd4f283fa4843b71c7aab1edbf4818f8e91,fixed_primary_schedule_feature_access_sensitivity,P3,PRIMARY_LEAKAGE_AWARE,20,xgboost,weighted_f1,0.7643838408010087
phase1d_v3_20260904T063324Z_823c848,d10c6f6c5e3a61e3895220f4d43a8d682e4d98c83b165f6694b20570ae950d22,79bbbca3911c164daa85ab2dde3f8a45a7cf19af83856f104703a01b08e3a811,c1300316fe5baec24e789c06aec35dd4f283fa4843b71c7aab1edbf4818f8e91,fixed_primary_schedule_feature_access_sensitivity,P3,PRIMARY_LEAKAGE_AWARE,20,xgboost,weighted_precision,0.7715440036340437
phase1d_v3_20260904T063324Z_823c848,d10c6f6c5e3a61e3895220f4d43a8d682e4d98c83b165f6694b20570ae950d22,79bbbca3911c164daa85ab2dde3f8a45a7cf19af83856f104703a01b08e3a811,c1300316fe5baec24e789c06aec35dd4f283fa4843b71c7aab1edbf4818f8e91,fixed_primary_schedule_feature_access_sensitivity,P3,PRIMARY_LEAKAGE_AWARE,20,xgboost,weighted_recall,0.7591666666666667
phase1d_v3_20260904T063324Z_823c848,d10c6f6c5e3a61e3895220f4d43a8d682e4d98c83b165f6694b20570ae950d22,79bbbca3911c164daa85ab2dde3f8a45a7cf19af83856f104703a01b08e3a811,c1300316fe5baec24e789c06aec35dd4f283fa4843b71c7aab1edbf4818f8e91,independently_retuned_policy_performance,P3,PRIMARY_LEAKAGE_AWARE,20,xgboost,accuracy,0.7591666666666667
phase1d_v3_20260904T063324Z_823c848,d10c6f6c5e3a61e3895220f4d43a8d682e4d98c83b165f6694b20570ae950d22,79bbbca3911c164daa85ab2dde3f8a45a7cf19af83856f104703a01b08e3a811,c1300316fe5baec24e789c06aec35dd4f283fa4843b71c7aab1edbf4818f8e91,independently_retuned_policy_performance,P3,PRIMARY_LEAKAGE_AWARE,20,xgboost,adjacent_accuracy,0.9975
phase1d_v3_20260904T063324Z_823c848,d10c6f6c5e3a61e3895220f4d43a8d682e4d98c83b165f6694b20570ae950d22,79bbbca3911c164daa85ab2dde3f8a45a7cf19af83856f104703a01b08e3a811,c1300316fe5baec24e789c06aec35dd4f283fa4843b71c7aab1edbf4818f8e91,independently_retuned_policy_performance,P3,PRIMARY_LEAKAGE_AWARE,20,xgboost,balanced_accuracy,0.6360452170862891
phase1d_v3_20260904T063324Z_823c848,d10c6f6c5e3a61e3895220f4d43a8d682e4d98c83b165f6694b20570ae950d22,79bbbca3911c164daa85ab2dde3f8a45a7cf19af83856f104703a01b08e3a811,c1300316fe5baec24e789c06aec35dd4f283fa4843b71c7aab1edbf4818f8e91,independently_retuned_policy_performance,P3,PRIMARY_LEAKAGE_AWARE,20,xgboost,ece_confidence,0.03754265683135832
phase1d_v3_20260904T063324Z_823c848,d10c6f6c5e3a61e3895220f4d43a8d682e4d98c83b165f6694b20570ae950d22,79bbbca3911c164daa85ab2dde3f8a45a7cf19af83856f104703a01b08e3a811,c1300316fe5baec24e789c06aec35dd4f283fa4843b71c7aab1edbf4818f8e91,independently_retuned_policy_performance,P3,PRIMARY_LEAKAGE_AWARE,20,xgboost,macro_f1,0.6210211647446707
phase1d_v3_20260904T063324Z_823c848,d10c6f6c5e3a61e3895220f4d43a8d682e4d98c83b165f6694b20570ae950d22,79bbbca3911c164daa85ab2dde3f8a45a7cf19af83856f104703a01b08e3a811,c1300316fe5baec24e789c06aec35dd4f283fa4843b71c7aab1edbf4818f8e91,independently_retuned_policy_performance,P3,PRIMARY_LEAKAGE_AWARE,20,xgboost,macro_precision,0.6088778581249189
phase1d_v3_20260904T063324Z_823c848,d10c6f6c5e3a61e3895220f4d43a8d682e4d98c83b165f6694b20570ae950d22,79bbbca3911c164daa85ab2dde3f8a45a7cf19af83856f104703a01b08e3a811,c1300316fe5baec24e789c06aec35dd4f283fa4843b71c7aab1edbf4818f8e91,independently_retuned_policy_performance,P3,PRIMARY_LEAKAGE_AWARE,20,xgboost,macro_recall,0.6360452170862891
phase1d_v3_20260904T063324Z_823c848,d10c6f6c5e3a61e3895220f4d43a8d682e4d98c83b165f6694b20570ae950d22,79bbbca3911c164daa85ab2dde3f8a45a7cf19af83856f104703a01b08e3a811,c1300316fe5baec24e789c06aec35dd4f283fa4843b71c7aab1edbf4818f8e91,independently_retuned_policy_performance,P3,PRIMARY_LEAKAGE_AWARE,20,xgboost,multiclass_brier,0.342606326573343
phase1d_v3_20260904T063324Z_823c848,d10c6f6c5e3a61e3895220f4d43a8d682e4d98c83b165f6694b20570ae950d22,79bbbca3911c164daa85ab2dde3f8a45a7cf19af83856f104703a01b08e3a811,c1300316fe5baec24e789c06aec35dd4f283fa4843b71c7aab1edbf4818f8e91,independently_retuned_policy_performance,P3,PRIMARY_LEAKAGE_AWARE,20,xgboost,nll_log_loss,0.5514626110693017
phase1d_v3_20260904T063324Z_823c848,d10c6f6c5e3a61e3895220f4d43a8d682e4d98c83b165f6694b20570ae950d22,79bbbca3911c164daa85ab2dde3f8a45a7cf19af83856f104703a01b08e3a811,c1300316fe5baec24e789c06aec35dd4f283fa4843b71c7aab1edbf4818f8e91,independently_retuned_policy_performance,P3,PRIMARY_LEAKAGE_AWARE,20,xgboost,ordinal_mae,0.24333333333333335
phase1d_v3_20260904T063324Z_823c848,d10c6f6c5e3a61e3895220f4d43a8d682e4d98c83b165f6694b20570ae950d22,79bbbca3911c164daa85ab2dde3f8a45a7cf19af83856f104703a01b08e3a811,c1300316fe5baec24e789c06aec35dd4f283fa4843b71c7aab1edbf4818f8e91,independently_retuned_policy_performance,P3,PRIMARY_LEAKAGE_AWARE,20,xgboost,quadratic_weighted_kappa,0.567602077831626
phase1d_v3_20260904T063324Z_823c848,d10c6f6c5e3a61e3895220f4d43a8d682e4d98c83b165f6694b20570ae950d22,79bbbca3911c164daa85ab2dde3f8a45a7cf19af83856f104703a01b08e3a811,c1300316fe5baec24e789c06aec35dd4f283fa4843b71c7aab1edbf4818f8e91,independently_retuned_policy_performance,P3,PRIMARY_LEAKAGE_AWARE,20,xgboost,ranked_probability_score,0.08597383249482211
phase1d_v3_20260904T063324Z_823c848,d10c6f6c5e3a61e3895220f4d43a8d682e4d98c83b165f6694b20570ae950d22,79bbbca3911c164daa85ab2dde3f8a45a7cf19af83856f104703a01b08e3a811,c1300316fe5baec24e789c06aec35dd4f283fa4843b71c7aab1edbf4818f8e91,independently_retuned_policy_performance,P3,PRIMARY_LEAKAGE_AWARE,20,xgboost,two_level_reversal_rate,0.0025
phase1d_v3_20260904T063324Z_823c848,d10c6f6c5e3a61e3895220f4d43a8d682e4d98c83b165f6694b20570ae950d22,79bbbca3911c164daa85ab2dde3f8a45a7cf19af83856f104703a01b08e3a811,c1300316fe5baec24e789c06aec35dd4f283fa4843b71c7aab1edbf4818f8e91,independently_retuned_policy_performance,P3,PRIMARY_LEAKAGE_AWARE,20,xgboost,weighted_f1,0.7643838408010087
phase1d_v3_20260904T063324Z_823c848,d10c6f6c5e3a61e3895220f4d43a8d682e4d98c83b165f6694b20570ae950d22,79bbbca3911c164daa85ab2dde3f8a45a7cf19af83856f104703a01b08e3a811,c1300316fe5baec24e789c06aec35dd4f283fa4843b71c7aab1edbf4818f8e91,independently_retuned_policy_performance,P3,PRIMARY_LEAKAGE_AWARE,20,xgboost,weighted_precision,0.7715440036340437
phase1d_v3_20260904T063324Z_823c848,d10c6f6c5e3a61e3895220f4d43a8d682e4d98c83b165f6694b20570ae950d22,79bbbca3911c164daa85ab2dde3f8a45a7cf19af83856f104703a01b08e3a811,c1300316fe5baec24e789c06aec35dd4f283fa4843b71c7aab1edbf4818f8e91,independently_retuned_policy_performance,P3,PRIMARY_LEAKAGE_AWARE,20,xgboost,weighted_recall,0.7591666666666667
phase1d_v3_20260904T063324Z_823c848,d10c6f6c5e3a61e3895220f4d43a8d682e4d98c83b165f6694b20570ae950d22,79bbbca3911c164daa85ab2dde3f8a45a7cf19af83856f104703a01b08e3a811,c1300316fe5baec24e789c06aec35dd4f283fa4843b71c7aab1edbf4818f8e91,fixed_primary_schedule_feature_access_sensitivity,P4,STRICT_PROSPECTIVE,13,xgboost,accuracy,0.555
phase1d_v3_20260904T063324Z_823c848,d10c6f6c5e3a61e3895220f4d43a8d682e4d98c83b165f6694b20570ae950d22,79bbbca3911c164daa85ab2dde3f8a45a7cf19af83856f104703a01b08e3a811,c1300316fe5baec24e789c06aec35dd4f283fa4843b71c7aab1edbf4818f8e91,fixed_primary_schedule_feature_access_sensitivity,P4,STRICT_PROSPECTIVE,13,xgboost,adjacent_accuracy,0.9616666666666667
phase1d_v3_20260904T063324Z_823c848,d10c6f6c5e3a61e3895220f4d43a8d682e4d98c83b165f6694b20570ae950d22,79bbbca3911c164daa85ab2dde3f8a45a7cf19af83856f104703a01b08e3a811,c1300316fe5baec24e789c06aec35dd4f283fa4843b71c7aab1edbf4818f8e91,fixed_primary_schedule_feature_access_sensitivity,P4,STRICT_PROSPECTIVE,13,xgboost,balanced_accuracy,0.46047955075061164
phase1d_v3_20260904T063324Z_823c848,d10c6f6c5e3a61e3895220f4d43a8d682e4d98c83b165f6694b20570ae950d22,79bbbca3911c164daa85ab2dde3f8a45a7cf19af83856f104703a01b08e3a811,c1300316fe5baec24e789c06aec35dd4f283fa4843b71c7aab1edbf4818f8e91,fixed_primary_schedule_feature_access_sensitivity,P4,STRICT_PROSPECTIVE,13,xgboost,ece_confidence,0.09869216127526405
phase1d_v3_20260904T063324Z_823c848,d10c6f6c5e3a61e3895220f4d43a8d682e4d98c83b165f6694b20570ae950d22,79bbbca3911c164daa85ab2dde3f8a45a7cf19af83856f104703a01b08e3a811,c1300316fe5baec24e789c06aec35dd4f283fa4843b71c7aab1edbf4818f8e91,fixed_primary_schedule_feature_access_sensitivity,P4,STRICT_PROSPECTIVE,13,xgboost,macro_f1,0.4116689138314451
phase1d_v3_20260904T063324Z_823c848,d10c6f6c5e3a61e3895220f4d43a8d682e4d98c83b165f6694b20570ae950d22,79bbbca3911c164daa85ab2dde3f8a45a7cf19af83856f104703a01b08e3a811,c1300316fe5baec24e789c06aec35dd4f283fa4843b71c7aab1edbf4818f8e91,fixed_primary_schedule_feature_access_sensitivity,P4,STRICT_PROSPECTIVE,13,xgboost,macro_precision,0.40907477646354956
phase1d_v3_20260904T063324Z_823c848,d10c6f6c5e3a61e3895220f4d43a8d682e4d98c83b165f6694b20570ae950d22,79bbbca3911c164daa85ab2dde3f8a45a7cf19af83856f104703a01b08e3a811,c1300316fe5baec24e789c06aec35dd4f283fa4843b71c7aab1edbf4818f8e91,fixed_primary_schedule_feature_access_sensitivity,P4,STRICT_PROSPECTIVE,13,xgboost,macro_recall,0.46047955075061164
phase1d_v3_20260904T063324Z_823c848,d10c6f6c5e3a61e3895220f4d43a8d682e4d98c83b165f6694b20570ae950d22,79bbbca3911c164daa85ab2dde3f8a45a7cf19af83856f104703a01b08e3a811,c1300316fe5baec24e789c06aec35dd4f283fa4843b71c7aab1edbf4818f8e91,fixed_primary_schedule_feature_access_sensitivity,P4,STRICT_PROSPECTIVE,13,xgboost,multiclass_brier,0.5312587081788677
phase1d_v3_20260904T063324Z_823c848,d10c6f6c5e3a61e3895220f4d43a8d682e4d98c83b165f6694b20570ae950d22,79bbbca3911c164daa85ab2dde3f8a45a7cf19af83856f104703a01b08e3a811,c1300316fe5baec24e789c06aec35dd4f283fa4843b71c7aab1edbf4818f8e91,fixed_primary_schedule_feature_access_sensitivity,P4,STRICT_PROSPECTIVE,13,xgboost,nll_log_loss,0.8525424534231397
phase1d_v3_20260904T063324Z_823c848,d10c6f6c5e3a61e3895220f4d43a8d682e4d98c83b165f6694b20570ae950d22,79bbbca3911c164daa85ab2dde3f8a45a7cf19af83856f104703a01b08e3a811,c1300316fe5baec24e789c06aec35dd4f283fa4843b71c7aab1edbf4818f8e91,fixed_primary_schedule_feature_access_sensitivity,P4,STRICT_PROSPECTIVE,13,xgboost,ordinal_mae,0.48333333333333334
phase1d_v3_20260904T063324Z_823c848,d10c6f6c5e3a61e3895220f4d43a8d682e4d98c83b165f6694b20570ae950d22,79bbbca3911c164daa85ab2dde3f8a45a7cf19af83856f104703a01b08e3a811,c1300316fe5baec24e789c06aec35dd4f283fa4843b71c7aab1edbf4818f8e91,fixed_primary_schedule_feature_access_sensitivity,P4,STRICT_PROSPECTIVE,13,xgboost,quadratic_weighted_kappa,0.20949856486346607
phase1d_v3_20260904T063324Z_823c848,d10c6f6c5e3a61e3895220f4d43a8d682e4d98c83b165f6694b20570ae950d22,79bbbca3911c164daa85ab2dde3f8a45a7cf19af83856f104703a01b08e3a811,c1300316fe5baec24e789c06aec35dd4f283fa4843b71c7aab1edbf4818f8e91,fixed_primary_schedule_feature_access_sensitivity,P4,STRICT_PROSPECTIVE,13,xgboost,ranked_probability_score,0.13844745342079337
phase1d_v3_20260904T063324Z_823c848,d10c6f6c5e3a61e3895220f4d43a8d682e4d98c83b165f6694b20570ae950d22,79bbbca3911c164daa85ab2dde3f8a45a7cf19af83856f104703a01b08e3a811,c1300316fe5baec24e789c06aec35dd4f283fa4843b71c7aab1edbf4818f8e91,fixed_primary_schedule_feature_access_sensitivity,P4,STRICT_PROSPECTIVE,13,xgboost,two_level_reversal_rate,0.03833333333333333
phase1d_v3_20260904T063324Z_823c848,d10c6f6c5e3a61e3895220f4d43a8d682e4d98c83b165f6694b20570ae950d22,79bbbca3911c164daa85ab2dde3f8a45a7cf19af83856f104703a01b08e3a811,c1300316fe5baec24e789c06aec35dd4f283fa4843b71c7aab1edbf4818f8e91,fixed_primary_schedule_feature_access_sensitivity,P4,STRICT_PROSPECTIVE,13,xgboost,weighted_f1,0.5805104274282512
phase1d_v3_20260904T063324Z_823c848,d10c6f6c5e3a61e3895220f4d43a8d682e4d98c83b165f6694b20570ae950d22,79bbbca3911c164daa85ab2dde3f8a45a7cf19af83856f104703a01b08e3a811,c1300316fe5baec24e789c06aec35dd4f283fa4843b71c7aab1edbf4818f8e91,fixed_primary_schedule_feature_access_sensitivity,P4,STRICT_PROSPECTIVE,13,xgboost,weighted_precision,0.644630581654987
phase1d_v3_20260904T063324Z_823c848,d10c6f6c5e3a61e3895220f4d43a8d682e4d98c83b165f6694b20570ae950d22,79bbbca3911c164daa85ab2dde3f8a45a7cf19af83856f104703a01b08e3a811,c1300316fe5baec24e789c06aec35dd4f283fa4843b71c7aab1edbf4818f8e91,fixed_primary_schedule_feature_access_sensitivity,P4,STRICT_PROSPECTIVE,13,xgboost,weighted_recall,0.555
phase1d_v3_20260904T063324Z_823c848,d10c6f6c5e3a61e3895220f4d43a8d682e4d98c83b165f6694b20570ae950d22,79bbbca3911c164daa85ab2dde3f8a45a7cf19af83856f104703a01b08e3a811,c1300316fe5baec24e789c06aec35dd4f283fa4843b71c7aab1edbf4818f8e91,independently_retuned_policy_performance,P4,STRICT_PROSPECTIVE,13,xgboost,accuracy,0.555
phase1d_v3_20260904T063324Z_823c848,d10c6f6c5e3a61e3895220f4d43a8d682e4d98c83b165f6694b20570ae950d22,79bbbca3911c164daa85ab2dde3f8a45a7cf19af83856f104703a01b08e3a811,c1300316fe5baec24e789c06aec35dd4f283fa4843b71c7aab1edbf4818f8e91,independently_retuned_policy_performance,P4,STRICT_PROSPECTIVE,13,xgboost,adjacent_accuracy,0.9616666666666667
phase1d_v3_20260904T063324Z_823c848,d10c6f6c5e3a61e3895220f4d43a8d682e4d98c83b165f6694b20570ae950d22,79bbbca3911c164daa85ab2dde3f8a45a7cf19af83856f104703a01b08e3a811,c1300316fe5baec24e789c06aec35dd4f283fa4843b71c7aab1edbf4818f8e91,independently_retuned_policy_performance,P4,STRICT_PROSPECTIVE,13,xgboost,balanced_accuracy,0.48537415962927305
phase1d_v3_20260904T063324Z_823c848,d10c6f6c5e3a61e3895220f4d43a8d682e4d98c83b165f6694b20570ae950d22,79bbbca3911c164daa85ab2dde3f8a45a7cf19af83856f104703a01b08e3a811,c1300316fe5baec24e789c06aec35dd4f283fa4843b71c7aab1edbf4818f8e91,independently_retuned_policy_performance,P4,STRICT_PROSPECTIVE,13,xgboost,ece_confidence,0.09231847002856763
phase1d_v3_20260904T063324Z_823c848,d10c6f6c5e3a61e3895220f4d43a8d682e4d98c83b165f6694b20570ae950d22,79bbbca3911c164daa85ab2dde3f8a45a7cf19af83856f104703a01b08e3a811,c1300316fe5baec24e789c06aec35dd4f283fa4843b71c7aab1edbf4818f8e91,independently_retuned_policy_performance,P4,STRICT_PROSPECTIVE,13,xgboost,macro_f1,0.4273477523897735
phase1d_v3_20260904T063324Z_823c848,d10c6f6c5e3a61e3895220f4d43a8d682e4d98c83b165f6694b20570ae950d22,79bbbca3911c164daa85ab2dde3f8a45a7cf19af83856f104703a01b08e3a811,c1300316fe5baec24e789c06aec35dd4f283fa4843b71c7aab1edbf4818f8e91,independently_retuned_policy_performance,P4,STRICT_PROSPECTIVE,13,xgboost,macro_precision,0.4258948005066017
phase1d_v3_20260904T063324Z_823c848,d10c6f6c5e3a61e3895220f4d43a8d682e4d98c83b165f6694b20570ae950d22,79bbbca3911c164daa85ab2dde3f8a45a7cf19af83856f104703a01b08e3a811,c1300316fe5baec24e789c06aec35dd4f283fa4843b71c7aab1edbf4818f8e91,independently_retuned_policy_performance,P4,STRICT_PROSPECTIVE,13,xgboost,macro_recall,0.48537415962927305
phase1d_v3_20260904T063324Z_823c848,d10c6f6c5e3a61e3895220f4d43a8d682e4d98c83b165f6694b20570ae950d22,79bbbca3911c164daa85ab2dde3f8a45a7cf19af83856f104703a01b08e3a811,c1300316fe5baec24e789c06aec35dd4f283fa4843b71c7aab1edbf4818f8e91,independently_retuned_policy_performance,P4,STRICT_PROSPECTIVE,13,xgboost,multiclass_brier,0.5372197820001064
phase1d_v3_20260904T063324Z_823c848,d10c6f6c5e3a61e3895220f4d43a8d682e4d98c83b165f6694b20570ae950d22,79bbbca3911c164daa85ab2dde3f8a45a7cf19af83856f104703a01b08e3a811,c1300316fe5baec24e789c06aec35dd4f283fa4843b71c7aab1edbf4818f8e91,independently_retuned_policy_performance,P4,STRICT_PROSPECTIVE,13,xgboost,nll_log_loss,0.8599701230246755
phase1d_v3_20260904T063324Z_823c848,d10c6f6c5e3a61e3895220f4d43a8d682e4d98c83b165f6694b20570ae950d22,79bbbca3911c164daa85ab2dde3f8a45a7cf19af83856f104703a01b08e3a811,c1300316fe5baec24e789c06aec35dd4f283fa4843b71c7aab1edbf4818f8e91,independently_retuned_policy_performance,P4,STRICT_PROSPECTIVE,13,xgboost,ordinal_mae,0.48333333333333334
phase1d_v3_20260904T063324Z_823c848,d10c6f6c5e3a61e3895220f4d43a8d682e4d98c83b165f6694b20570ae950d22,79bbbca3911c164daa85ab2dde3f8a45a7cf19af83856f104703a01b08e3a811,c1300316fe5baec24e789c06aec35dd4f283fa4843b71c7aab1edbf4818f8e91,independently_retuned_policy_performance,P4,STRICT_PROSPECTIVE,13,xgboost,quadratic_weighted_kappa,0.2368030527877888
phase1d_v3_20260904T063324Z_823c848,d10c6f6c5e3a61e3895220f4d43a8d682e4d98c83b165f6694b20570ae950d22,79bbbca3911c164daa85ab2dde3f8a45a7cf19af83856f104703a01b08e3a811,c1300316fe5baec24e789c06aec35dd4f283fa4843b71c7aab1edbf4818f8e91,independently_retuned_policy_performance,P4,STRICT_PROSPECTIVE,13,xgboost,ranked_probability_score,0.1404652431864776
phase1d_v3_20260904T063324Z_823c848,d10c6f6c5e3a61e3895220f4d43a8d682e4d98c83b165f6694b20570ae950d22,79bbbca3911c164daa85ab2dde3f8a45a7cf19af83856f104703a01b08e3a811,c1300316fe5baec24e789c06aec35dd4f283fa4843b71c7aab1edbf4818f8e91,independently_retuned_policy_performance,P4,STRICT_PROSPECTIVE,13,xgboost,two_level_reversal_rate,0.03833333333333333
phase1d_v3_20260904T063324Z_823c848,d10c6f6c5e3a61e3895220f4d43a8d682e4d98c83b165f6694b20570ae950d22,79bbbca3911c164daa85ab2dde3f8a45a7cf19af83856f104703a01b08e3a811,c1300316fe5baec24e789c06aec35dd4f283fa4843b71c7aab1edbf4818f8e91,independently_retuned_policy_performance,P4,STRICT_PROSPECTIVE,13,xgboost,weighted_f1,0.5827885510437739
phase1d_v3_20260904T063324Z_823c848,d10c6f6c5e3a61e3895220f4d43a8d682e4d98c83b165f6694b20570ae950d22,79bbbca3911c164daa85ab2dde3f8a45a7cf19af83856f104703a01b08e3a811,c1300316fe5baec24e789c06aec35dd4f283fa4843b71c7aab1edbf4818f8e91,independently_retuned_policy_performance,P4,STRICT_PROSPECTIVE,13,xgboost,weighted_precision,0.6595434635671438
phase1d_v3_20260904T063324Z_823c848,d10c6f6c5e3a61e3895220f4d43a8d682e4d98c83b165f6694b20570ae950d22,79bbbca3911c164daa85ab2dde3f8a45a7cf19af83856f104703a01b08e3a811,c1300316fe5baec24e789c06aec35dd4f283fa4843b71c7aab1edbf4818f8e91,independently_retuned_policy_performance,P4,STRICT_PROSPECTIVE,13,xgboost,weighted_recall,0.555
phase1d_v3_20260904T063324Z_823c848,d10c6f6c5e3a61e3895220f4d43a8d682e4d98c83b165f6694b20570ae950d22,79bbbca3911c164daa85ab2dde3f8a45a7cf19af83856f104703a01b08e3a811,c1300316fe5baec24e789c06aec35dd4f283fa4843b71c7aab1edbf4818f8e91,fixed_primary_schedule_feature_access_sensitivity,P5,STRICT_PROXY,6,xgboost,accuracy,0.4533333333333333
phase1d_v3_20260904T063324Z_823c848,d10c6f6c5e3a61e3895220f4d43a8d682e4d98c83b165f6694b20570ae950d22,79bbbca3911c164daa85ab2dde3f8a45a7cf19af83856f104703a01b08e3a811,c1300316fe5baec24e789c06aec35dd4f283fa4843b71c7aab1edbf4818f8e91,fixed_primary_schedule_feature_access_sensitivity,P5,STRICT_PROXY,6,xgboost,adjacent_accuracy,0.9508333333333333
phase1d_v3_20260904T063324Z_823c848,d10c6f6c5e3a61e3895220f4d43a8d682e4d98c83b165f6694b20570ae950d22,79bbbca3911c164daa85ab2dde3f8a45a7cf19af83856f104703a01b08e3a811,c1300316fe5baec24e789c06aec35dd4f283fa4843b71c7aab1edbf4818f8e91,fixed_primary_schedule_feature_access_sensitivity,P5,STRICT_PROXY,6,xgboost,balanced_accuracy,0.37767755166136824
phase1d_v3_20260904T063324Z_823c848,d10c6f6c5e3a61e3895220f4d43a8d682e4d98c83b165f6694b20570ae950d22,79bbbca3911c164daa85ab2dde3f8a45a7cf19af83856f104703a01b08e3a811,c1300316fe5baec24e789c06aec35dd4f283fa4843b71c7aab1edbf4818f8e91,fixed_primary_schedule_feature_access_sensitivity,P5,STRICT_PROXY,6,xgboost,ece_confidence,0.11437666834881807
phase1d_v3_20260904T063324Z_823c848,d10c6f6c5e3a61e3895220f4d43a8d682e4d98c83b165f6694b20570ae950d22,79bbbca3911c164daa85ab2dde3f8a45a7cf19af83856f104703a01b08e3a811,c1300316fe5baec24e789c06aec35dd4f283fa4843b71c7aab1edbf4818f8e91,fixed_primary_schedule_feature_access_sensitivity,P5,STRICT_PROXY,6,xgboost,macro_f1,0.3459812427215396
phase1d_v3_20260904T063324Z_823c848,d10c6f6c5e3a61e3895220f4d43a8d682e4d98c83b165f6694b20570ae950d22,79bbbca3911c164daa85ab2dde3f8a45a7cf19af83856f104703a01b08e3a811,c1300316fe5baec24e789c06aec35dd4f283fa4843b71c7aab1edbf4818f8e91,fixed_primary_schedule_feature_access_sensitivity,P5,STRICT_PROXY,6,xgboost,macro_precision,0.3582567705120043
phase1d_v3_20260904T063324Z_823c848,d10c6f6c5e3a61e3895220f4d43a8d682e4d98c83b165f6694b20570ae950d22,79bbbca3911c164daa85ab2dde3f8a45a7cf19af83856f104703a01b08e3a811,c1300316fe5baec24e789c06aec35dd4f283fa4843b71c7aab1edbf4818f8e91,fixed_primary_schedule_feature_access_sensitivity,P5,STRICT_PROXY,6,xgboost,macro_recall,0.37767755166136824
phase1d_v3_20260904T063324Z_823c848,d10c6f6c5e3a61e3895220f4d43a8d682e4d98c83b165f6694b20570ae950d22,79bbbca3911c164daa85ab2dde3f8a45a7cf19af83856f104703a01b08e3a811,c1300316fe5baec24e789c06aec35dd4f283fa4843b71c7aab1edbf4818f8e91,fixed_primary_schedule_feature_access_sensitivity,P5,STRICT_PROXY,6,xgboost,multiclass_brier,0.6252650977098453
phase1d_v3_20260904T063324Z_823c848,d10c6f6c5e3a61e3895220f4d43a8d682e4d98c83b165f6694b20570ae950d22,79bbbca3911c164daa85ab2dde3f8a45a7cf19af83856f104703a01b08e3a811,c1300316fe5baec24e789c06aec35dd4f283fa4843b71c7aab1edbf4818f8e91,fixed_primary_schedule_feature_access_sensitivity,P5,STRICT_PROXY,6,xgboost,nll_log_loss,1.0058826951659172
phase1d_v3_20260904T063324Z_823c848,d10c6f6c5e3a61e3895220f4d43a8d682e4d98c83b165f6694b20570ae950d22,79bbbca3911c164daa85ab2dde3f8a45a7cf19af83856f104703a01b08e3a811,c1300316fe5baec24e789c06aec35dd4f283fa4843b71c7aab1edbf4818f8e91,fixed_primary_schedule_feature_access_sensitivity,P5,STRICT_PROXY,6,xgboost,ordinal_mae,0.5958333333333333
phase1d_v3_20260904T063324Z_823c848,d10c6f6c5e3a61e3895220f4d43a8d682e4d98c83b165f6694b20570ae950d22,79bbbca3911c164daa85ab2dde3f8a45a7cf19af83856f104703a01b08e3a811,c1300316fe5baec24e789c06aec35dd4f283fa4843b71c7aab1edbf4818f8e91,fixed_primary_schedule_feature_access_sensitivity,P5,STRICT_PROXY,6,xgboost,quadratic_weighted_kappa,0.09450944442230147
phase1d_v3_20260904T063324Z_823c848,d10c6f6c5e3a61e3895220f4d43a8d682e4d98c83b165f6694b20570ae950d22,79bbbca3911c164daa85ab2dde3f8a45a7cf19af83856f104703a01b08e3a811,c1300316fe5baec24e789c06aec35dd4f283fa4843b71c7aab1edbf4818f8e91,fixed_primary_schedule_feature_access_sensitivity,P5,STRICT_PROXY,6,xgboost,ranked_probability_score,0.15970978806873512
phase1d_v3_20260904T063324Z_823c848,d10c6f6c5e3a61e3895220f4d43a8d682e4d98c83b165f6694b20570ae950d22,79bbbca3911c164daa85ab2dde3f8a45a7cf19af83856f104703a01b08e3a811,c1300316fe5baec24e789c06aec35dd4f283fa4843b71c7aab1edbf4818f8e91,fixed_primary_schedule_feature_access_sensitivity,P5,STRICT_PROXY,6,xgboost,two_level_reversal_rate,0.049166666666666664
phase1d_v3_20260904T063324Z_823c848,d10c6f6c5e3a61e3895220f4d43a8d682e4d98c83b165f6694b20570ae950d22,79bbbca3911c164daa85ab2dde3f8a45a7cf19af83856f104703a01b08e3a811,c1300316fe5baec24e789c06aec35dd4f283fa4843b71c7aab1edbf4818f8e91,fixed_primary_schedule_feature_access_sensitivity,P5,STRICT_PROXY,6,xgboost,weighted_f1,0.49549593811758114
phase1d_v3_20260904T063324Z_823c848,d10c6f6c5e3a61e3895220f4d43a8d682e4d98c83b165f6694b20570ae950d22,79bbbca3911c164daa85ab2dde3f8a45a7cf19af83856f104703a01b08e3a811,c1300316fe5baec24e789c06aec35dd4f283fa4843b71c7aab1edbf4818f8e91,fixed_primary_schedule_feature_access_sensitivity,P5,STRICT_PROXY,6,xgboost,weighted_precision,0.5823527360314642
phase1d_v3_20260904T063324Z_823c848,d10c6f6c5e3a61e3895220f4d43a8d682e4d98c83b165f6694b20570ae950d22,79bbbca3911c164daa85ab2dde3f8a45a7cf19af83856f104703a01b08e3a811,c1300316fe5baec24e789c06aec35dd4f283fa4843b71c7aab1edbf4818f8e91,fixed_primary_schedule_feature_access_sensitivity,P5,STRICT_PROXY,6,xgboost,weighted_recall,0.4533333333333333
phase1d_v3_20260904T063324Z_823c848,d10c6f6c5e3a61e3895220f4d43a8d682e4d98c83b165f6694b20570ae950d22,79bbbca3911c164daa85ab2dde3f8a45a7cf19af83856f104703a01b08e3a811,c1300316fe5baec24e789c06aec35dd4f283fa4843b71c7aab1edbf4818f8e91,independently_retuned_policy_performance,P5,STRICT_PROXY,6,xgboost,accuracy,0.49916666666666665
phase1d_v3_20260904T063324Z_823c848,d10c6f6c5e3a61e3895220f4d43a8d682e4d98c83b165f6694b20570ae950d22,79bbbca3911c164daa85ab2dde3f8a45a7cf19af83856f104703a01b08e3a811,c1300316fe5baec24e789c06aec35dd4f283fa4843b71c7aab1edbf4818f8e91,independently_retuned_policy_performance,P5,STRICT_PROXY,6,xgboost,adjacent_accuracy,0.9491666666666667
phase1d_v3_20260904T063324Z_823c848,d10c6f6c5e3a61e3895220f4d43a8d682e4d98c83b165f6694b20570ae950d22,79bbbca3911c164daa85ab2dde3f8a45a7cf19af83856f104703a01b08e3a811,c1300316fe5baec24e789c06aec35dd4f283fa4843b71c7aab1edbf4818f8e91,independently_retuned_policy_performance,P5,STRICT_PROXY,6,xgboost,balanced_accuracy,0.3705558617623068
phase1d_v3_20260904T063324Z_823c848,d10c6f6c5e3a61e3895220f4d43a8d682e4d98c83b165f6694b20570ae950d22,79bbbca3911c164daa85ab2dde3f8a45a7cf19af83856f104703a01b08e3a811,c1300316fe5baec24e789c06aec35dd4f283fa4843b71c7aab1edbf4818f8e91,independently_retuned_policy_performance,P5,STRICT_PROXY,6,xgboost,ece_confidence,0.10631130080242084
phase1d_v3_20260904T063324Z_823c848,d10c6f6c5e3a61e3895220f4d43a8d682e4d98c83b165f6694b20570ae950d22,79bbbca3911c164daa85ab2dde3f8a45a7cf19af83856f104703a01b08e3a811,c1300316fe5baec24e789c06aec35dd4f283fa4843b71c7aab1edbf4818f8e91,independently_retuned_policy_performance,P5,STRICT_PROXY,6,xgboost,macro_f1,0.3546512484092715
phase1d_v3_20260904T063324Z_823c848,d10c6f6c5e3a61e3895220f4d43a8d682e4d98c83b165f6694b20570ae950d22,79bbbca3911c164daa85ab2dde3f8a45a7cf19af83856f104703a01b08e3a811,c1300316fe5baec24e789c06aec35dd4f283fa4843b71c7aab1edbf4818f8e91,independently_retuned_policy_performance,P5,STRICT_PROXY,6,xgboost,macro_precision,0.3599057191162454
phase1d_v3_20260904T063324Z_823c848,d10c6f6c5e3a61e3895220f4d43a8d682e4d98c83b165f6694b20570ae950d22,79bbbca3911c164daa85ab2dde3f8a45a7cf19af83856f104703a01b08e3a811,c1300316fe5baec24e789c06aec35dd4f283fa4843b71c7aab1edbf4818f8e91,independently_retuned_policy_performance,P5,STRICT_PROXY,6,xgboost,macro_recall,0.3705558617623068
phase1d_v3_20260904T063324Z_823c848,d10c6f6c5e3a61e3895220f4d43a8d682e4d98c83b165f6694b20570ae950d22,79bbbca3911c164daa85ab2dde3f8a45a7cf19af83856f104703a01b08e3a811,c1300316fe5baec24e789c06aec35dd4f283fa4843b71c7aab1edbf4818f8e91,independently_retuned_policy_performance,P5,STRICT_PROXY,6,xgboost,multiclass_brier,0.6107071925589652
phase1d_v3_20260904T063324Z_823c848,d10c6f6c5e3a61e3895220f4d43a8d682e4d98c83b165f6694b20570ae950d22,79bbbca3911c164daa85ab2dde3f8a45a7cf19af83856f104703a01b08e3a811,c1300316fe5baec24e789c06aec35dd4f283fa4843b71c7aab1edbf4818f8e91,independently_retuned_policy_performance,P5,STRICT_PROXY,6,xgboost,nll_log_loss,0.9926980389598213
phase1d_v3_20260904T063324Z_823c848,d10c6f6c5e3a61e3895220f4d43a8d682e4d98c83b165f6694b20570ae950d22,79bbbca3911c164daa85ab2dde3f8a45a7cf19af83856f104703a01b08e3a811,c1300316fe5baec24e789c06aec35dd4f283fa4843b71c7aab1edbf4818f8e91,independently_retuned_policy_performance,P5,STRICT_PROXY,6,xgboost,ordinal_mae,0.5516666666666666
phase1d_v3_20260904T063324Z_823c848,d10c6f6c5e3a61e3895220f4d43a8d682e4d98c83b165f6694b20570ae950d22,79bbbca3911c164daa85ab2dde3f8a45a7cf19af83856f104703a01b08e3a811,c1300316fe5baec24e789c06aec35dd4f283fa4843b71c7aab1edbf4818f8e91,independently_retuned_policy_performance,P5,STRICT_PROXY,6,xgboost,quadratic_weighted_kappa,0.06011732549032145
phase1d_v3_20260904T063324Z_823c848,d10c6f6c5e3a61e3895220f4d43a8d682e4d98c83b165f6694b20570ae950d22,79bbbca3911c164daa85ab2dde3f8a45a7cf19af83856f104703a01b08e3a811,c1300316fe5baec24e789c06aec35dd4f283fa4843b71c7aab1edbf4818f8e91,independently_retuned_policy_performance,P5,STRICT_PROXY,6,xgboost,ranked_probability_score,0.16060140738079312
phase1d_v3_20260904T063324Z_823c848,d10c6f6c5e3a61e3895220f4d43a8d682e4d98c83b165f6694b20570ae950d22,79bbbca3911c164daa85ab2dde3f8a45a7cf19af83856f104703a01b08e3a811,c1300316fe5baec24e789c06aec35dd4f283fa4843b71c7aab1edbf4818f8e91,independently_retuned_policy_performance,P5,STRICT_PROXY,6,xgboost,two_level_reversal_rate,0.050833333333333335
phase1d_v3_20260904T063324Z_823c848,d10c6f6c5e3a61e3895220f4d43a8d682e4d98c83b165f6694b20570ae950d22,79bbbca3911c164daa85ab2dde3f8a45a7cf19af83856f104703a01b08e3a811,c1300316fe5baec24e789c06aec35dd4f283fa4843b71c7aab1edbf4818f8e91,independently_retuned_policy_performance,P5,STRICT_PROXY,6,xgboost,weighted_f1,0.534340737514518
phase1d_v3_20260904T063324Z_823c848,d10c6f6c5e3a61e3895220f4d43a8d682e4d98c83b165f6694b20570ae950d22,79bbbca3911c164daa85ab2dde3f8a45a7cf19af83856f104703a01b08e3a811,c1300316fe5baec24e789c06aec35dd4f283fa4843b71c7aab1edbf4818f8e91,independently_retuned_policy_performance,P5,STRICT_PROXY,6,xgboost,weighted_precision,0.5898995245245244
phase1d_v3_20260904T063324Z_823c848,d10c6f6c5e3a61e3895220f4d43a8d682e4d98c83b165f6694b20570ae950d22,79bbbca3911c164daa85ab2dde3f8a45a7cf19af83856f104703a01b08e3a811,c1300316fe5baec24e789c06aec35dd4f283fa4843b71c7aab1edbf4818f8e91,independently_retuned_policy_performance,P5,STRICT_PROXY,6,xgboost,weighted_recall,0.49916666666666665
